Entry,Entry Name,Protein names,Organism,Gene Names,Sequence
P72194,KGP38_PORGN,Lys-gingipain 381 (EC 3.4.22.47) [Cleaved into: Lys-gingipain catalytic subunit; 39 kDa adhesin; 15 kDa adhesin; 44 kDa adhesin],Porphyromonas gingivalis (Bacteroides gingivalis),kgp,MRKLLLLIAASLLGVGLYAQSAKIKLDAPTTRTTCTNNSFKQFDASFSFNEVELTKVETKGGTFASVSIPGAFPTGEVGSPEVPAVRKLIAVPVGATPVVRVKSFTEQVYSLNQYGSEKLMPHQPSMSKSDDPEKVPFVYNAAAYARKGFVGQELTQVEMLGTMRGVRIAALTINPVQYDVVANQLKVRNNIEIEVSFQGADEVATQRLYDASFSPYFETAYKQLFNRDVYTDHGDLYNTPVRMLVVAGAKFKEALKPWLTWKAQKGFYLDVHYTDEAEVGTTNASIKAFIHKKYNDGLAASAAPVFLALVGDTDVISGEKGKKTKKVTDLYYSAVDGDYFPEMYTFRMSASSPEELTNIIDKVLMYEKATMPDKSYLEKALLIAGADSYWNPKIGQQTIKYAVQYYYNQDHGYTDVYSYPKAPYTGCYSHLNTGVGFANYTAHGSETSWADPSLTATQVKALTNKDKYFLAIGNCCVTAQFDYPQPCFGEVMTRVKEKGAYAYIGSSPNSYWGEDYYWSVGANAVFGVQPTFEGTSMGSYDATFLEDSYNTVNSIMWAGNLAATHAGNIGNITHIGAHYYWEAYHVLGDGSVMPYRAMPKTNTYTLPASLPQNQASYSIQASAGSYVAISKDGVLYGTGVANASGVATVNMTKQITENGNYDVVITRSNYLPVIKQIQAGEPSPYQPVSNLTATTQGQKVTLKWDAPSAKKAEASREVKRIGDGLFVTIEPANDVRANEAKVVLAADNVWGDNTGYQFLLDADHNTFGSVIPATGPLFTGTASSNLYSANFEYLIPANADPVVTTQNIIVTGQGEVVIPGGVYDYCITNPEPASGKMWIAGDGGNQPARYDDFTFEAGKKYTFTMRRAGMGDGTDMEVEDDSPASYTYTVYRDGTKIQEGLTATTFEEDGVAAGNHEYCVEVKYTAGVSPKVCKDVTVEGSNEFAPVQNLTGSAVGQKVTLKWDAPNGTPNPNPNPNPGTTTLSESFENGIPASWKTIDADGDGHGWKPGNAPGIAGYNSNGCVYSESFGLGGIGVLTPDNYLITPALDLPNGGKLTFWVCAQDANYASEHYAVYASSTGNDASNFTNALLEETITAKGVRSPEAIRGRIQGTWRQKTVDLPAGTKYVAFRHFQSTDMFYIDLDEVEIKANGKRADFTETFESSTHGEAPAEWTTIDADGDGQDWLCLSSGQLDWLTAHGGTNVVASFSWNGMALNPDNYLISKDVTGATKVKYYYAVNDGFPGDHYAVMISKTGTNAGDFTVVFEETPNGINKGGARFGLSTEANGAKPQSVWIERTVDLPAGTKYVAFRHYNCSDLNYILLDDIQFTMGGSPTPTDYTYTVYRDGTKIKEGLTETTFEEDGVATGNHEYCVEVKYTAGVSPKVCVNVTINPTQFNPVKNLKAQPDGGDVVLKWEAPSGKRGELLNEDFEGDAIPTGWTALDADGDGNNWDITLNEFTRGERHVLSPLRASNVAISYSSLLQGQEYLPLTPNNFLITPKVEGAKKITYKVGSPGLPQWSHDHYALCISKSGTAAADFEVIFEETMTYTQGGANLTREKDLPAGTKYVAFRHYNCTDVLGIMIDDVVITGEGEGPSYTYTVYRDGTKIQEGLTETTYRDAGMSAQSHEYCVEVKYAAGVSPKVCVDYIPDGVADVTAQKPYTLTVVGKTITVTCQGEAMIYDMNGRRLAAGRNTVVYTAQGGYYAVMVVVDGKSYVEKLAIK
P95493,CPG2_PORGI,Gingipain R2 (EC 3.4.22.37) (Arg-gingipain) (Gingipain 2) (RGP-2),Porphyromonas gingivalis (strain ATCC BAA-308 / W83),rgpB prtRII rgp2 PG_0506,MKKNFSRIVSIVAFSSLLGGMAFAQPAERGRNPQVRLLSAEQSMSKVQFRMDNLQFTGVQTSKGVAQVPTFTEGVNISEKGTPILPILSRSLAVSETRAMKVEVVSSKFIEKKDVLIAPSKGVISRAENPDQIPYVYGQSYNEDKFFPGEIATLSDPFILRDVRGQVVNFAPLQYNPVTKTLRIYTEIVVAVSETAEAGQNTISLVKNSTFTGFEDIYKSVFMNYEATRYTPVEEKENGRMIVIVPKKYEEDIEDFVDWKNQRGLRTEVKVAEDIASPVTANAIQQFVKQEYEKEGNDLTYVLLVGDHKDIPAKITPGIKSDQVYGQIVGNDHYNEVFIGRFSCESKEDLKTQIDRTIHYERNITTEDKWLGQALCIASAEGGPSADNGESDIQHENIIANLLTQYGYTKIIKCYDPGVTPKNIIDAFNGGISLANYTGHGSETAWGTSHFGTTHVKQLTNSNQLPFIFDVACVNGDFLYNVPCFAEALMRAQKDGKPTGTVAIIASTINQSWASPMRGQDEMNEILCEKHPNNIKRTFGGVTMNGMFAMVEKYKKDGEKMLDTWTVFGDPSLLVRTLVPTKMQVTAPANISASAQTFEVACDYNGAIATLSDDGDMVGTAIVKDGKAIIKLNESIADETNLTLTVVGYNKVTVIKDVKVEGTSIADVANDKPYTVAVSGKTITVESPAAGLTIFDMNGRRVATAKNRMVFEAQNGVYAVRIATEGKTYTEKVIVK
B2RLK2,KGP_PORG3,Lys-gingipain (EC 3.4.22.47) (Lysine-specific cysteine proteinase Kgp) [Cleaved into: Lys-gingipain catalytic subunit; 39 kDa adhesin; 15 kDa adhesin; 44 kDa adhesin],Porphyromonas gingivalis (strain ATCC 33277 / DSM 20709 / CIP 103683 / JCM 12257 / NCTC 11834 / 2561),kgp PGN_1728,MRKLLLLIAASLLGVGLYAQSAKIKLDAPTTRTTCTNNSFKQFDASFSFNEVELTKVETKGGTFASVSIPGAFPTGEVGSPEVPAVRKLIAVPVGATPVVRVKSFTEQVYSLNQYGSEKLMPHQPSMSKSDDPEKVPFVYNAAAYARKGFVGQELTQVEMLGTMRGVRIAALTINPVQYDVVANQLKVRNNIEIEVSFQGADEVATQRLYDASFSPYFETAYKQLFNRDVYTDHGDLYNTPVRMLVVAGAKFKEALKPWLTWKAQKGFYLDVHYTDEAEVGTTNASIKAFIHKKYNDGLAASAAPVFLALVGDTDVISGEKGKKTKKVTDLYYSAVDGDYFPEMYTFRMSASSPEELTNIIDKVLMYEKATMPDKSYLEKALLIAGADSYWNPKIGQQTIKYAVQYYYNQDHGYTDVYSYPKAPYTGCYSHLNTGVGFANYTAHGSETSWADPSLTATQVKALTNKDKYFLAIGNCCVTAQFDYPQPCFGEVMTRVKEKGAYAYIGSSPNSYWGEDYYWSVGANAVFGVQPTFEGTSMGSYDATFLEDSYNTVNSIMWAGNLAATHAGNIGNITHIGAHYYWEAYHVLGDGSVMPYRAMPKTNTYTLPASLPQNQASYSIQASAGSYVAISKDGVLYGTGVANASGVATVNMTKQITENGNYDVVITRSNYLPVIKQIQAGEPSPYQPVSNLTATTQGQKVTLKWDAPSAKKAEASREVKRIGDGLFVTIEPANDVRANEAKVVLAADNVWGDNTGYQFLLDADHNTFGSVIPATGPLFTGTASSNLYSANFEYLIPANADPVVTTQNIIVTGQGEVVIPGGVYDYCITNPEPASGKMWIAGDGGNQPARYDDFTFEAGKKYTFTMRRAGMGDGTDMEVEDDSPASYTYTVYRDGTKIQEGLTATTFEEDGVAAGNHEYCVEVKYTAGVSPKVCKDVTVEGSNEFAPVQNLTGSAVGQKVTLKWDAPNGTPNPNPNPNPGTTTLSESFENGIPASWKTIDADGDGHGWKPGNAPGIAGYNSNGCVYSESFGLGGIGVLTPDNYLITPALDLPNGGKLTFWVCAQDANYASEHYAVYASSTGNDASNFTNALLEETITAKGVRSPEAIRGRIQGTWRQKTVDLPAGTKYVAFRHFQSTDMFYIDLDEVEIKANGKRADFTETFESSTHGEAPAEWTTIDADGDGQDWLCLSSGQLDWLTAHGGTNVVASFSWNGMALNPDNYLISKDVTGATKVKYYYAVNDGFPGDHYAVMISKTGTNAGDFTVVFEETPNGINKGGARFGLSTEANGAKPQSVWIERTVDLPAGTKYVAFRHYNCSDLNYILLDDIQFTMGGSPTPTDYTYTVYRDGTKIKEGLTETTFEEDGVATGNHEYCVEVKYTAGVSPKVCVNVTINPTQFNPVKNLKAQPDGGDVVLKWEAPSGKRGELLNEDFEGDAIPTGWTALDADGDGNNWDITLNEFTRGERHVLSPLRASNVAISYSSLLQGQEYLPLTPNNFLITPKVEGAKKITYKVGSPGLPQWSHDHYALCISKSGTAAADFEVIFEETMTYTQGGANLTREKDLPAGTKYVAFRHYNCTDVLGIMIDDVVITGEGEGPSYTYTVYRDGTKIQEGLTETTYRDAGMSAQSHEYCVEVKYAAGVSPKVCVDYIPDGVADVTAQKPYTLTVVGKTITVTCQGEAMIYDMNGRRLAAGRNTVVYTAQGGYYAVMVVVDGKSYVEKLAIK
Q51817,KGP83_PORGN,Lys-gingipain W83 (EC 3.4.22.47) (Lysine specific cysteine protease) (Lysine-specific cysteine proteinase) (Porphypain) (PrtK48) [Cleaved into: Lys-gingipain catalytic subunit; 39 kDa adhesin (PrtK39); 15 kDa adhesin (PrtK15); 44 kDa adhesin (PrtK44)],Porphyromonas gingivalis (Bacteroides gingivalis),kgp prtK prtP,MRKLLLLIAASLLGVGLYAQSAKIKLDAPTTRTTCTNNSFKQFDASFSFNEVELTKVETKGGTFASVSIPGAFPTGEVGSPEVPAVRKLIAVPVGATPVVRVKSFTEQVYSLNQYGSEKLMPHQPSMSKSDDPEKVPFVYNAAAYARKGFVGQELTQVEMLGTMRGVRIAALTINPVQYDVVANQLKVRNNIEIEVSFQGADEVATQRLYDASFSPYFETAYKQLFNRDVYTDHGDLYNTPVRMLVVAGAKFKEALKPWLTWKAQKGFYLDVHYTDEAEVGTTNASIKAFIHKKYNDGLAASAAPVFLALVGDTDVISGEKGKKTKKVTDLYYSAVDGDYFPEMYTFRMSASSPEELTNIIDKVLMYEKATMPDKSYLEKVLLIAGADYSWNSQVGQPTIKYGMQYYYNQEHGYTDVYNYLKAPYTGCYSHLNTGVSFANYTAHGSETAWADPLLTTSQLKALTNKDKYFLAIGNCCITAQFDYVQPCFGEVITRVKEKGAYAYIGSSPNSYWGEDYYWSVGANAVFGVQPTFEGTSMGSYDATFLEDSYNTVNSIMWAGNLAATHAGNIGNITHIGAHYYWEAYHVLGDGSVMPYRAMPKTNTYTLPASLPQNQASYSIQASAGSYVAISKDGVLYGTGVANASGVATVSMTKQITENGNYDVVITRSNYLPVIKQIQVGEPSPYQPVSNLTATTQGQKVTLKWEAPSAKKAEGSREVKRIGDGLFVTIEPANDVRANEAKVVLAADNVWGDNTGYQFLLDADHNTFGSVIPATGPLFTGTASSNLYSANFEYLVPANADPVVTTQNIIVTGQGEVVIPGGVYDYCITNPEPASGKMWIAGDGGNQPARYDDFTFEAGKKYTFTMRRAGMGDGTDMEVEDDSPASYTYTVYRDGTKIKEGLTATTFEEDGVAAGNHEYCVEVKYTAGVSPKVCKDVTVEGSNEFAPVQNLTGSSVGQKVTLKWDAPNGTPNPNPNPNPNPGTTLSESFENGIPASWKTIDADGDGHGWKPGNAPGIAGYNSNGCVYSESFGLGGIGVLTPDNYLITPALDLPNGGKLTFWVCAQDANYASEHYAVYASSTGNDASNFTNALLEETITAKGVRSPKAIRGRIQGTWRQKTVDLPAGTKYVAFRHFQSTDMFYIDLDEVEIKANGKRADFTETFESSTHGEAPAEWTTIDADGDGQGWLCLSSGQLDWLTAHGGSNVVSSFSWNGMALNPDNYLISKDVTGATKVKYYYAVNDGFPGDHYAVMISKTGTNAGDFTVVFEETPNGINKGGARFGLSTEANGAKPQSVWIERTVDLPAGTKYVAFRHYNCSDLNYILLDDIQFTMGGSPTPTDYTYTVYRDGTKIKEGLTETTFEEDGVATGNHEYCVEVKYTAGVSPKKCVDVTVNSTQFNPVQNLTAEQAPNSMDAILKWNAPASKRAEVLNEDFENGIPASWKTIDADGDGNNWTTTPPPGGSSFAGHNSAICVSSASHINFEGPQNPDNYLVTPELSLPGGGTLTFWVCAQDANYASEHYAVYASSTGNDASNFANALLEEVLTAKTVVTAPEAIRGTRAQGTWYQKTVQLPAGTKYVAFRHFGCTDFFWINLDDVVITSGNAPSYTYTIYRNNTQIASGVTETTYRDPDLATGFYTYGVKVVYPNGESAIETATLNITSLADVTAQKPYTLTVVGKTITVTCQGEAMIYDMNGRRLAAGRNTVVYTAQGGHYAVMVVVDGKSYVEKLAVK
P28784,CPG1_PORGN,Gingipain R1 (EC 3.4.22.37) (Arg-gingipain) (Gingipain 1) (RGP-1),Porphyromonas gingivalis (Bacteroides gingivalis),rgpA rgp1,MKNLNKFVSIALCSSLLGGMAFAQQTELGRNPNVRLLESTQQSVTKVQFRMDNLKFTEVQTPKGMAQVPTYTEGVNLSEKGMPTLPILSRSLAVSDTREMKVEVVSSKFIEKKNVLIAPSKGMIMRNEDPKKIPYVYGKSYSQNKFFPGEIATLDDPFILRDVRGQVVNFAPLQYNPVTKTLRIYTEITVAVSETSEQGKNILNKKGTFAGFEDTYKRMFMNYEPGRYTPVEEKQNGRMIVIVAKKYEGDIKDFVDWKNQRGLRTEVKVAEDIASPVTANAIQQFVKQEYEKEGNDLTYVLLVGDHKDIPAKITPGIKSDQVYGQIVGNDHYNEVFIGRFSCESKEDLKTQIDRTIHYERNITTEDKWLGQALCIASAEGGPSADNGESDIQHENVIANLLTQYGYTKIIKCYDPGVTPKNIIDAFNGGISLVNYTGHGSETAWGTSHFGTTHVKQLTNSNQLPFIFDVACVNGDFLFSMPCFAEALMRAQKDGKPTGTVAIIASTINQSWASPMRGQDEMNEILCEKHPNNIKRTFGGVTMNGMFAMVEKYKKDGEKMLDTWTVFGDPSLLVRTLVPTKMQVTAPAQINLTDASVNVSCDYNGAIATISANGKMFGSAVVENGTATINLTGLTNESTLTLTVVGYNKETVIKTINTNGEPNPYQPVSNLTATTQGQKVTLKWDAPSTKTNATTNTARSVDGIRELVLLSVSDAPELLRSGQAEIVLEAHDVWNDGSGYQILLDADHDQYGQVIPSDTHTLWPNCSVPANLFAPFEYTVPENADPSCSPTNMIMDGTASVNIPAGTYDFAIAAPQANAKIWIAGQGPTKEDDYVFEAGKKYHFLMKKMGSGDGTELTISEGGGSDYTYTVYRDGTKIKEGLTETTYRDAGMSAQSHEYCVEVKYAAGVSPKVCVDYIPDGVADVTAQKPYTLTVVGKTITVTCQGEAMIYDMNGRRLAAGRNTVVYTAQGGYYAVMVVVDGKSYVEKLAVK
P72197,KGP66_PORGN,Lys-gingipain HG66 (EC 3.4.22.47) [Cleaved into: Lys-gingipain catalytic subunit; 39 kDa adhesin; 15 kDa adhesin; 44 kDa adhesin],Porphyromonas gingivalis (Bacteroides gingivalis),kgp,MRKLLLLIAASLLGVGLYAQNAKIKLDAPTTRTTCTNNSFKQFDASFSFNEVELTKVETKGGTFASVSIPGAFPTGEVGSPEVPAVRKLIAVPVGATPVVRVKSFTEQVYSLNQYGSEKLMPHQPSMSKSDDPEKVPFAYNAAAYARKGFVGQELTQVEMLGTMRGVRIAALTINPVQYDVVANQLKVRNNIEIEVSFQGADEVATQRLYDASFSPYFETAYKQLFNRDVYTDHGDLYNTPVRMLVVAGAKFKEALKPWLTWKAQKGFYLDVHYTDEAEVGTTNASIKAFIHKKYNDGLAASAAPVFLALVGDTDVISGEKGKKTKKVTDLYYSAVDGDYFPEMYTFRMSASSPEELTNIIDKVLMYEKATMPDKSYLEKALLIAGADSYWNPKIGQQTIKYAVQYYYNQDHGYTDVYSYPKAPYTGCYSHLNTGVGFANYTAHGSETSWADPSVTATQVKALTNKNKYFLAIGNCCVTAQFDYPQPCFGEVMTRVKEKGAYAYIGSSPNSYWGEDYYWSVGANAVFGVQPTFEGTSMGSYDATFLEDSYNTVNSIMWAGNLAATHAENIGNVTHIGAHYYWEAYHVLGDGSVMPYRAMPKTNTYTLPASLPQNQASYSIQASAGSYVAISKDGVLYGTGVANASGVATVNMTKQITENGNYDVVITRSNYLPVIKQIQAGEPSPYQPVSNLTATTQGQKVTLKWDAPSAKKAEGSREVKRIGDGLFVTIEPANDVRANEAKVVLAADNVWGDNTGYQFLLDADHNTFGSVIPATGPLFTGTASSNLYSANFEYLIPANADPVVTTQNIIVTGQGEVVIPGGVYDYCITNPEPASGKMWIAGDGGNQPARYDDFTFEAGKKYTFTMRRAGMGDGTDMEVEDDSPASYTYTVYRDGTKIKEGLTATTFEEDGVAAGNHEYCVEVKYTAGVSPKVCKDVTVEGSNEFAPVQNLTGSAVGQKVTLKWDAPNGTPNPNPNPNPGTTTLSESFENGIPASWKTIDADGDGHGWKPGNAPGIAGYNSNGCVYSESFGLGGIGVLTPDNYLITPALDLPNGGKLTFWVCAQDANYASEHYAVYASSTGNDASNFTNALLEETITAKGVRSPEAIRGRIQGTWRQKTVDLPAGTKYVAFRHFQSTDMFYIDLDEVEIKANGKRADFTETFESSTHGEAPAEWTTIDADGDGQGWLCLSSGQLDWLTAHGGTNVVASFSWNGMALNPDNYLISKDVTGATKVKYYYAVNDGFPGDHYAVMISKTGTNAGDFTVVFEETPNGINKGGARFGLSTEADGAKPQSVWIERTVDLPAGTKYVAFRHYNCSDLNYILLDDIQFTMGGSPTPTDYTYTVYRDGTKIKEGLTETTFEEDGVATGNHEYCVEVKYTAGVSPKKCVNVTINPTQFNPVKNLKAQPDGGDVVLKWEAPSAKKAEGSREVKRIGDGLFVTIEPANDVRANEAKVVLAADNVWGDNTGYQFLLDADHNTFGSVIPATGPLFTGTASSNLYSANFEYLIPANADPVVTTQNIIVTGQGEVVIPGGVYDYCITNPEPASGKMWIAGDGGNQPARYDDFTFEAGKKYTFTMRRAGMGDGTDMEVEDDSPASYTYTVYRDGTKIKEGLTETTYRDAGMSAQSHEYCVEVKYAAGVSPKVCVDYIPDGVADVTAQKPYTLTVVGKTITVTCQGEAMIYDMNGRRLAAGRNTVVYTAQGGYYAVMVVVDGKSYVEKLAVK
B2RM93,CPG1_PORG3,Gingipain R1 (EC 3.4.22.37) (Arg-gingipain),Porphyromonas gingivalis (strain ATCC 33277 / DSM 20709 / CIP 103683 / JCM 12257 / NCTC 11834 / 2561),rgpA PGN_1970,MNKFVSIALCSSLLGGMAFAQQTELGRNPNVRLLESTQQSVTKVQFRMDNLKFTEVQTPKGMAQVPTYTEGVNLSEKGMPTLPILSRSLAVSDTREMKVEVVSSKFIEKKNVLIAPSKGMIMRNEDPKKIPYVYGKSYSQNKFFPGEIATLDDPFILRDVRGQVVNFAPLQYNPVTKTLRIYTEITVAVSETSEQGKNILNKKGTFAGFEDTYKRMFMNYEPGRYTPVEEKQNGRMIVIVAKKYEGDIKDFVDWKNQRGLRTEVKVAEDIASPVTANAIQQFVKQEYEKEGNDLTYVLLVGDHKDIPAKITPGIKSDQVYGQIVGNDHYNEVFIGRFSCESKEDLKTQIDRTIHYERNITTEDKWLGQALCIASAEGGPSADNGESDIQHENVIANLLTQYGYTKIIKCYDPGVTPKNIIDAFNGGISLVNYTGHGSETAWGTSHFGTTHVKQLTNSNQLPFIFDVACVNGDFLFSMPCFAEALMRAQKDGKPTGTVAIIASTINQSWASPMRGQDEMNEILCEKHPNNIKRTFGGVTMNGMFAMVEKYKKDGEKMLDTWTVFGDPSLLVRTLVPTKMQVTAPAQINLTDASVNVSCDYNGAIATISANGKMFGSAVVENGTATINLTGLTNESTLTLTVVGYNKETVIKTINTNGEPNPYQPVSNLTATTQGQKVTLKWDAPSTKTNATTNTARSVDGIRELVLLSVSDAPELLRSGQAEIVLEAHDVWNDGSGYQILLDADHDQYGQVIPSDTHTLWPNCSVPANLFAPFEYTVPENADPSCSPTNMIMDGTASVNIPAGTYDFAIAAPQANAKIWIAGQGPTKEDDYVFEAGKKYHFLMKKMGSGDGTELTISEGGGSDYTYTVYRDGTKIKEGLTATTFEEDGVATGNHEYCVEVKYTAGVSPKVCKDVTVEGSNEFAPVQNLTGSAVGQKVTLKWDAPNGTPNPNPNPNPNPNPGTTTLSESFENGIPASWKTIDADGDGHGWKPGNAPGIAGYNSNGCVYSESFGLGGIGVLTPDNYLITPALDLPNGGKLTFWVCAQDANYASEHYAVYASSTGNDASNFTNALLEETITAKGVRSPEAIRGRIQGTWRQKTVDLPAGTKYVAFRHFQSTDMFYIDLDEVEIKANGKRADFTETFESSTHGEAPAEWTTIDADGDGQGWLCLSSGQLDWLTAHGGTNVVASFSWNGMALNPDNYLISKDVTGATKVKYYYAVNDGFPGDHYAVMISKTGTNAGDFTVVFEETPNGINKGGARFGLSTEANGAKPQSVWIERTVDLPAGTKYVAFRHYNCSDLNYILLDDIQFTMGGSPTPTDYTYTVYRDGTKIKEGLTETTFEEDGVATGNHEYCVEVKYTAGVSPKECVNVTINPTQFNPVKNLKAQPDGGDVVLKWEAPSAKKTEGSREVKRIGDGLFVTIEPANDVRANEAKVVLAADNVWGDNTGYQFLLDADHNTFGSVIPATGPLFTGTASSNLYSANFEYLIPANADPVVTTQNIIVTGQGEVVIPGGVYDYCITNPEPASGKMWIAGDGGNQPARYDDFTFEAGKKYTFTMRRAGMGDGTDMEVEDDSPASYTYTVYRDGTKIKEGLTETTYRDAGMSAQSHEYCVEVKYAAGVSPKVCVDYIPDGVADVTAQKPYTLTVVGKTITVTCQGEAMIYDMNGRRLAAGRNTVVYTAQGGYYAVMVVVDGKSYVEKLAVK
B2RKU0,CPG2_PORG3,Gingipain R2 (EC 3.4.22.37) (Arg-gingipain),Porphyromonas gingivalis (strain ATCC 33277 / DSM 20709 / CIP 103683 / JCM 12257 / NCTC 11834 / 2561),rgpB PGN_1466,MKKNFSRIVSIVAFSSLLGGMAFAQPAERGRNPQVRLLSAEQSMSKVQFRMDNLQFTDVQTSKGVAQVPTFTEGVNISEKGTPILPILSRSLAVSETRAMKVEVVSSKFIEKKDVLIAPSKGVISRAENPDQIPYVYGQSYNEDKFFPGEIATLSDPFILRDVRGQVVNFAPLQYNPVTKTLRIYTEIVVAVSETAEAGQNTISLVKNSTFTGFEDIYKSVFMNYEATRYTPVEEKENGRMIVIVAKKYEGDIKDFVDWKNQRGLRTEVKVAEDIASPVTANAIQQFVKQEYEKEGNDLTYVLLVGDHKDIPAKITPGIKSDQVYGQIVGNDHYNEVFIGRFSCESKEDLKTQIDRTIHYERNITTEDKWLGQALCIASAEGGPSADNGESDIQHENVIANLLTQYGYTKIIKCYDPGVTPKNIIDAFNGGISLVNYTGHGSETAWGTSHFGTTHVKQLTNSNQLPFIFDVACVNGDFLFSMPCFAEALMRAQKDGKPTGTVAIIASTINQSWASPMRGQDEMNEILCEKHPNNIKRTFGGVTMNGMFAMVEKYKKDGEKMLDTWTVFGDPSLLVRTLVPTEMQVTAPANISASAQTFEVACDYNGAIATLSDDGDMVGTAIVKDGKAIIKLNESIADETNLTLTVVGYNKVTVIKDVKVEGTSIADVANDKPYTVAVSGKTITVESPAAGLTIFDMNGRRVATAKNRMVFEAQNGVYAVRIATEGKTYTEKVIVK
A0AAE9X6Q3,A0AAE9X6Q3_PORGN,Gingipain R1 (EC 3.4.22.37) (Arg-gingipain),Porphyromonas gingivalis (Bacteroides gingivalis),rgpA NY149_10755,MKNLNKFVSIALCSSLLGGMAFAQQTELGRNPNVRLLESTQQSVTKVQFRMDNLKFTEVQTPKGMAQVPTYTEGVNLSEKGMPTLPILSRSLAVSDTREMKVEVVSSKFIEKKNVLIAPSKGMIMRNEDPKKIPYVYGKSYSQNKFFPGEIATLDDPFILRDVRGQVVNFAPLQYNPVTKTLRIYTEITVAVSETSEQGKNILNKKGTFAGFEDTYKRMFMNYEPGRYTPVEEKQNGRMIVIVAKKYEGDIKDFVDWKNQRGLRTEVKVAEDIASPVTANAIQQFVKQEYEKEGNDLTYVLLVGDHKDIPAKITPGIKSDQVYGQIVGNDHYNEVFIGRFSCESKEDLKTQIDRTIHYERNITTEDKWLGQALCIASAEGGPSADNGESDIQHENVIANLLTQYGYTKIIKCYDPGVTPKNIIDAFNGGISLVNYTGHGSETAWGTSHFGTTHVKQLTNSNQLPFIFDVACVNGDFLFSMPCFAEALMRAQKDGKPTGTVAIIASTINQSWASPMRGQDEMNEILCEKHPNNIKRTFGGVTMNGMFAMVEKYKKDGEKMLDTWTVFGDPSLLVRTLVPTKMQVTAPAQINLTDASVNVSCDYNGAIATISANGKMFGSAVVENGTATINLTGLTNESTLTLTVVGYNKETVIKTINTNGEPNPYQPVSNLTATTQGQKVTLKWDAPSTKTNATTNTARSVDGIRELVLLSVSDAPELLRSGQAEIVLEAHDVWNDGSGYQILLDADHDQYGQVIPSDTHTLWPNCSVPANLFAPFEYTVPENADPSCSPTNMIMDGTASVNIPAGTYDFAIAAPQANAKIWIAGQGPTKEDDYVFEAGKKYHFLMKKMGSGDGTELTISEGGGSDYTYTVYRDGTKIKEGLTATTFEEDGVAAGNHEYCVEVKYTAGVSPKVCKDVTVEGSNEFAPVQNLTGSAVGQKVTLKWDAPNGTPNPNPNPNPNPGTTTLSESFENGIPASWKTIDADGDGHGWKPGNAPGIAGYNSNGCVYSESFGLGGIGVLTPDNYLITPALDLPNGGKLTFWVCAQDANYASEHYAVYASSTGNDASNFTNALLEETITAKGVRSPEAIRGRIQGTWRQKTVDLPAGTKYVAFRHFQSTDMFYIDLDEVEIKANGKRADFTETFESSTHGEAPAEWTTIDADGDGQGWLCLSSGQLDWLTAHGGTNVVSSFSWNGMALNPDNYLISKDVTGATKVKYYYAVNDGFPGDHYAVMISKTGTNAGDFTVVFEETPNGINKGGARFGLSTEANGAKPQSVWIERTVDLPAGTKYVAFRHYNCSDLNYILLDDIQFTMGGSPTPTDYTYTVYRDGTKIKEGLTETTFEEDGVATGNHEYCVEVKYTAGVSPKVCVNVTINPTQFNPVKNLKAEPDGGDVVLKWEAPSAKKAEGSREVKRIGDGLFVTIEPANDVRANEAKVVLAADNVWGDNTGYQFLLDADHNTFGSVIPATGPLFTGTASSDLYSANFEYLIPANADPVVTTQNIIVTGQGEVVIPGGVYDYCITNPEPASGKMWIAGDGGNQPARYDDFTFEAGKKYTFTMRRAGMGDGTDMEVEDDSPASYTYTVYRDGTKIKEGLTETTYRDAGMSAQSHEYCVEVKYAAGVSPKVCVDYIPDGVADVTAQKPYTLTVVGKTITVTCQGEAMIYDMNGRRLAAGRNTVVYTAQGGYYAVMVVVDGKSYVEKLAVK
A0AAE9XKC2,A0AAE9XKC2_PORGN,Gingipain R1 (EC 3.4.22.37) (Arg-gingipain),Porphyromonas gingivalis (Bacteroides gingivalis),rgpA NY151_00560,MKNLNKFVSIALCSSLLGGMAFAQQTELGRNPNVRLLESTQQSVTKVQFRMDNLKFTEVQTPKGMAQVPTYTEGVNLSEKGMPTLPILSRSLAVSDTREMKVEVVSSKFIEKKNVLIAPSKGMIMRNEDPKKIPYVYGKSYSQNKFFPGEIATLDDPFILRDVRGQVVNFAPLQYNPVTKTLRIYTEITVAVSETSEQGKNILNKKGTFAGFEDTYKRMFMNYEPGRYTPVEEKQNGRMIVIVAKKYEGDIKDFVDWKNQRGLRTEVKVAEDIASPVTANAIQQFVKQEYEKEGNDLTYVLLVGDHKDIPAKITPGIKSDQVYGQIVGNDHYNEVFIGRFSCESKEDLKTQIDRTIHYERNITTEDKWLGQALCIASAEGGPSADNGESDIQHENVIANLLTQYGYTKIIKCYDPGVTPKNIIDAFNGGISLANYTGHGSETAWGTSHFGTTHVKQLTNSNQLPFIFDVACVNGDFLFSMPCFAEALMRAQKDGKPTGTVAIIASTINQSWASPMRGQDEMNEILCEKHPNNIKRTFGGVTMNGMFAMVEKYKKDGEKMLDTWTVFGDPSLLVRTLVPTKMQVTAPAQINLTDASVNVSCDYNGAIATISANGKMFGSAVVENGTATINLTGLTNESTLTLTVVGYNKETVIKTINTNGEPNPYQPVSNLTATTQGQKVTLKWDAPSTKTNATTNTARSVDGIRELVLLSVSDAPELLRSGQAEIVLEAHDVWNDGSGYQILLDADHDQYGQVIPSDTHTLWPNCSVPANLFAPFEYTVPENADPSCSPTNMIMDGTASVNIPAGTYDFAIAAPQANAKIWIAGQGPTKEDDYVFEAGKKYHFLMKKMGSGDGTELTISEGGGSDYTYTVYRDGTKIQEGLTATTFEEDGVAAGNHEYCVEVKYTAGVSPKVCKDVTVEGSNEFAPVQNLTGSAVGQKVTLKWDAPNGTPNPNPNPNPNPNPNPGTTTLSESFENGIPASWKTIDADGDGHGWKPGNAPGIAGYNSNGCVYSESFGLGGIGVLTPDNYLITPALDLPNGGKLTFWVCAQDANYASEHYAVYASSTGNDASNFTNALLEETITAKGVRSPEAIRGRIQGTWRQKTVDLPAGTKYVAFRHFQSTDMFYIDLDEVEIKANGKRADFTETFESSTHGEAPAEWTTIDADGDGQGWLCLSSGQLDWLTAHGGTNVVSSFSWNGMALNPDNYLISKDVTGATKVKYYYAVNDGFPGDHYAVMISKTGTNAGDFTVVFEETPNGINKGGARFGLSTEANGAKPQSVWIERTVDLPAGTKYVAFRHYNCSDLNYILLDDIQFTMGGSPTPTDYTYTVYRDGTKIKEGLTETTFEEDGVATGNHEYCVEVKYTAGVSPKVCVNVTINPTQFNPVKNLKAEPDGGDVVLKWEAPSAKKAEGSREVKRIGDGLFVTIEPANDVRANEAKVVLAADNVWGDNTGYQFLLDADHNTFGSVIPATGPLFTGTASSDLYSANFEYLIPANADPVVTTQNIIVTGQGEVVIPGGVYDYCITNPEPASGKMWIAGDGGNQPARYDDFTFEAGKKYTFTMRRAGMGDGTDMEVEDDSPASYTYTVYRDGTKIKEGLTETTYRDAGMSAQSHEYCVEVKYAAGVSPKVCVDYIPDGVADVTAQKPYTLTVVGKTITVTCQGEAMIYDMNGRRLAAGRNTVVYTAQGGYYAVMVVVDGKSYVEKLAVK
A0A1L5IZD5,A0A1L5IZD5_PORGN,gingipain K (EC 3.4.22.47),Porphyromonas gingivalis (Bacteroides gingivalis),kgp,EILLLIAASLLGVGLYAQSAKIKLDAPTTRTTCTNNSFKQFDASFSFNEVELTKVETKGGTFASVSIPGAFPTGEVGSPEVPAVRKLIAVPVGATPVVRVKSFTEQVYSLNQYGSEKLMPHQPSMSKSDDPEKVPFVYNAAAYARKGFVGQELTQVEMLGTMRGVRIAALTINPVQYDVVANQLKVRNNIEIEVSFQGADEVATQRLYDASFSPYFETAYKQLFNRDVYIDHGDLYNTPVRMLVVAGAKFKDALKPWLTWKAQKGFYLDVHYTDEAEVGTTNASIKAFIHKKYNDGLAASAAPVFLALVGDTDVISGEKGKKTKKVTDLYYSAVDGDYFPEMYTFRMSASSPEELTNIIDKVLMYEKATMPDKSYLEKALLIAGADSYWNPKIGQQTIKYAVQYYYNQDHGYTDVYSYPKAPYTGCYSHLNTGVGFANYTAHGSETSWADPSLTATQVKALTNKDKYFLAIGNCCVTAQFDYPQPCFGEVMTRVKEKGAYAYIGSSPNSYWGEDYYWSVGANAVFGVQPTFEGTSMGSYDATFLEDSYNTVNSIMWAGNLAATHAENIGNVTHIGAHYYWEAYHVLGDGSVMPYRAMPKTNTYTLPASLPQNQASYSIQASAGSYVAISKDGVLYGTGVANASGVATVNMTKQITENGNYDVVITRSNYLPVIKQIQAGEPSPYQPVSNLTATTQGQKVTLKWDAPSAKKAEASREVKRIGDGLFVTIEPANDVRANEAKVVLAADNVWGDNTGYQFLLDADHNTFGSVIPATGPLFTGTAFFRSFSV
A0A1L5IZD8,A0A1L5IZD8_PORGN,gingipain K (EC 3.4.22.47),Porphyromonas gingivalis (Bacteroides gingivalis),kgp,EILLLIAASLLGVGLYAQSAKIKLDAPTTRTTCTNNSFKQFDASFSFNEVELTKVETKGGTFASVSIPGAFPTGEVGSPEVPAVRKLIAVPVGATPVVRVKSFTEQVYSLNQYGSEKLMPHQPSMSKSDDPEKVPFVYNAAAYARKGFVGQELTQVEMLGTMRGVRIAALTINPVQYDVVANQLKVRNNIEIEVSFQGADEVATQRLYDASFSPYFETAYKQLFNRDVYTDHGDLYNTPVRMLVVAGAKFKEALKPWLTWKAQKGFYLDVHYTDEAEVGTTNASIKAFIHKKYNDGLAASAAPVFLALVGDTDVISGEKGKKTKKVTDLYYSAVDGDYFPEMYTFRMSASSPEELTNIIDKVLMYEKATMPDKSYLEKVLLIAGADYSWNSQVGQPTIKYGMQYYYNQEHGYTDVYNYLKAPYTGCYSHLNTGVSFANYTAHGSETAWADPLLTTSQLKALTNKDKYFLAIGNCCITAQFDYVQPCFGEVITRVKEKGAYAYIGSSPNSYWGEDYYWSVGANAVFGVQPTFEGTSMGSYDATFLEDSYNTVNSIMWAGNLAATHAENIGNVTHIGAHYYWEAYHVLGDGSVMPYRAMPKTNTYTLPASLPQNQASYSIQASAGSYVAISKDGVLYGTGVANASGVATVNMTKQITENGNYDVVITRSNYLPVIKQIQAGEPSPYQPVSNLTATTQGQKVTLKWDAPSAKKAEASREVKRIGDGLFVTIEPANDVRANEAKVVLAADNVWGDNTGYQFLLDADHNTFGSVIPATGPLFTGTAFPILSS
A0A1L5IZD9,A0A1L5IZD9_PORGN,gingipain K (EC 3.4.22.47),Porphyromonas gingivalis (Bacteroides gingivalis),kgp,MRELLLLIAASLLGVGLYAQNAKIKLDAPTTRTTCTNNSFKQFDASFSFNEVELTKVETKGGTFASVSIPGAFPTGEVGSPEVPAVRKLIAVPVGATPVVRVKSFTEQVYSLNQYGSEKLMPHQPSMSKSDDPEKVPFVYNAAAYARKGFVGQELTQVEMLGTMRGVRIAALTINPVQYDVVANQLKVRNNIEIEVSFQGADEVATQRLYDASFSPYFETAYKQLFNRDVYIDHGDLYNTPVRMLVVAGAKFKDALKPWLTWKAQKGFYLDVHYTDEAEVGTTNASIKAFIHKKYNDGLAASAAPVFLALVGDTDVISGEKGKKTKKVTDLYYSAVDGDYFPEMYTFRMSASSPEELTNIIDKVLMYEKATMPDKSYLEKVLLIAGADYSWNSQVGQPTIKYGMQYYYNQEHGYTDVYNYLKAPYTGCYSHLNTGVSFANYTAHGSETAWADPLLTTSQLKALTNKDKYFLAIGNCCITAQFDYVQPCFGEVITRVKEKGAYAYIGSSPNSYWGEDYYWSVGANAVFGVQPTFEGTSMGSYDATFLEDSYNTVNSIMWAGNLAATHAGNIGNITHIGAHYYWEAYHVLGDGSVMPYRAMPKTNTYTLPASLPQNQASYSIQASAGSYVAISKDGVLYGTGVANASGVATVNMTKQITENGNYDVVITRSNYLPVIKQIQAGEPSPYQPVSNLTATTQGQKVTLKWDAPSAKKAEGSREVKRIGDGLFVTIEPANDVRANEAKVVLAADNVWGDNTGYQFLLDADHNTFGSVIPATGPLFTGTASSILFC
A0AAE9XBL4,A0AAE9XBL4_PORGN,Gingipain R2 (EC 3.4.22.37) (Arg-gingipain),Porphyromonas gingivalis (Bacteroides gingivalis),rgpB NY151_02885,MKKNFSRIVSIVAFSSLLGGMAFAQPAERGRNPQVRLLSAEQSMSKVQFRMDNLQFTDVQTSKGVAQVPTFTEGVNISEKGTPILPILSRSLAVSETRAMKVEVVSSKFIEKKDVLIAPSKGVISRAENPDQIPYVYGQSYNEDKFFPGEIATLSDPFILRDVRGQVVNFAPLQYNPVTKTLRIYTEIVVAVSETAEAGQNTISLVKNSTFTGFEDIYKSVFMNYEATRYTPVEEKENGRMIVIVPKKYEEDIEDFVDWKNQRGLRTEVKVAEDIASPVTANAIQQFVKQEYEKEGNDLTYVLLIGDHKDIPAKITPGIKSDQVYGQIVGNDHYNEVFIGRFSCESKEDLKTQIDRTIHYERNITTEDKWLGQALCIASAEGGPSADNGESDIQHENVIANLLTQYGYTKIIKCYDPGVTPKNIIDAFNGGISLVNYTGHGSETAWGTSHFGTTHVKQLTNSNQLPFIFDVACVNGDFLFSMPCFAEALMRAQKDGKPTGTVAIIASTINQSWASPMRGQDEMNEILCEKHPNNIKRTFGGVTMNGMFAMVEKYKKDGEKMLDTWTVFGDPSLLVRTLVPTKMQVTAPANISASAQTFEVACDYNGAIATLSDDGDMVGTAIVKDGKAIIKLNESIADETNLTLTVVGYNKVTVIKDVKVEGTSIADVANDKPYTVAVSGKTITVESPAAGLTIFDMNGRRVATAKNRMVFEAQNGVYAVRIATEGKTYTEKVIVK
A0AAF0BBF4,A0AAF0BBF4_PORGN,Gingipain R2 (EC 3.4.22.37) (Arg-gingipain),Porphyromonas gingivalis (Bacteroides gingivalis),rgpB NY149_08175,MKKNFSRIVSIVAFSSLLGGMAFAQPAERGRNPQVRLLSAEQSMSKVQFRMDNLQFTGVQTSKGVAQVPTFTEGVNISEKGTPILPILSRSLAVSETRAMKVEVVSSKFIEKKDVLIAPSKGVISRAENPDQIPYVYGQSYNEDKFFPGEIATLSDPFILRDVRGQVVNFAPLQYNPVTKTLRIYTEIVVAVSETAEAGQNTISLVKNSTFTGFEDIYKSVFMNYEATRYTPVEEKENGRMIVIVPKKYEEDIEDFVDWKNQRGLRTEVKVAEDIASPVTANAIQQFVKQEYEKEGNDLTYVLLIGDHKDIPAKITPGIKSDQVYGQIVGNDHYNEVFIGRFSCESKEDLKTQIDRTIHYERNITTEDKWLGQALCIASAEGGPSADNGESDIQHENIIANLLTQYGYTKIIKCYDPGVTPKNIIDAFNGGISLANYTGHGSETAWGTSHFGTTHVKQLTNSNQLPFIFDVACVNGDFLYNVPCFAEALMRAQKDGKPTGTVAIIASTINQSWASPMRGQDEMNEILCEKHPNNIKRTFGGVTMNGMFAMVEKYKKDGEKMLDTWTVFGDPSLLVRTLVPTEMQVTAPANISASAQTFEVACDYNGAIATLSDDGDMVGTAIVKDGKAIIKLNESIADETNLTLTVVGYNKVTVIKDVKVEGTSIADVANDKPYTVAVSGKTITVESPAAGLTIFDMNGRRVATAKNRMVFEAQNGVYAVRIATEGKTYTEKVIVK
Q51838,Q51838_PORGN,Gingipain R1 (EC 3.4.22.37) (Arg-gingipain),Porphyromonas gingivalis (Bacteroides gingivalis),prpR1,MKNLNKFVSIALCSSLLGGMAFAQQTELGRNPNVRLLESTQQSVTKVQFRMDNLKFTEVQTPKGMAQVPTYTEGVNLSEKGMPTLPILSRSLAVSDTREMKVEVVSSKFIEKKNVLIAPSKGMIMRNEDPKKIPYVYGKSYSQNKFFPGEIATLDDPFILRDVRGQVVNFAPLQYNPVTKTLRIYTEITVAVSETSEQGKNILNKKGTFAGFEDTYKRMFMNYEPGRYTPVEEKQNGRMIVIVAKKYEGDIKDFVDWKNQRGLRTEVKVAEDIASPVTANAIQQFVKQEYEKEGNDLTYVLLIGDHKDIPAKITPGIKSDQVYGQIVGNDHYNEVFIGRFSCESKEDLKTQIDRTIHYERNITTEDKWLGQALCIASAEGGPSADNGESDIQHENVIANLLTQYGYTKIIKCYDPGVTPKNIIDAFNGGISLANYTGHGSETAWGTSHFGTTHVKQLTNSNQLPFIFDVACVNGDFLFSMPCFAEALMRAQKDGKPTGTVAIIASTINQSWASPMRGQDEMNEILCEKHPNNIKRTFGGVTMNGMFAMVEKYKKDGEKMLDTWTVFGDPSLLVRTLVPTKMQVTAPAQINLTDASVNVSCDYNGAIATISANGKMFGSAVVENGTATINLTGLTNESTLTLTVVGYNKETVIKTINTNGEPNPYQPVSNLTATTQGQKVTLKWDAPSTKTNATTNTARSVDGIRELVLLSVSDAPELLRSGQAEIVLEAHDVWNDGSGYQILLDADHDQYGQVIPSDTHTLWPNCSVPANLFAPFEYTVPENADPSCSPTNMIMDGTASVNIPAGTYDFAIAAPQANAKIWIAGQGPTKEDDYVFEAGKKYHFLMKKMGSGDGTELTISEGGGSDYTYTVYRDGTKIKEGLTATTFEEDGVAAGNHEYCVEVKYTAGVSPKVCKDVTVEGSNEFAPVQNLTGSAVGQKVTLKWDAPNGTPNPNPNPNPNPNPGTTTLSESFENGIPASWKTIDADGDGHGWKPGNAPGIAGYNSNGCVYSESFGLGGIGVLTPDNYLITPALDLPNGGKLTFWVCAQDANYASEHYAVYASSTGNDASNFTNALLEETITAKGVRSPEAIRGRIQSTWRQKTVDLPAGTKYVAFRHFQSTDMFYIDLDEVEIKANGKRADFTETFESSTHGEATAEWTTIDADGDGQGWLCLSSGQLDWLTAHGGTNVVSSFSWNGMALNPDNYLISKDVTGATKVKYYYAVNDGFPGDHYAVMISKTGTNAGDFTVVFEETPNGINKGGARFGLSTEADGAKPQSVWIERTVDLPAGTKYVAFRHYNCSDLNYILLDDIQFTMGGSPTPTDYTYTVYRDGTKIKEGLTETTFEEDGVATGNHEYCVEVKYTAGVSPKKCVNVTVNSTQFNPVKNLKAQPDGGDVVLKWEAPSAKKTEGSREVKRIGDGLFVTIEPANDVRANEAKVVLAADNVWGDNTGYQFLLDADHNTFGSVIPATGPLFTGTASSDLYSANFEYLIPANADPVVTTQNIIVTGQGEVVIPGGVYDYCITNPEPASGKMWIAGDGGNQPARYDDFTFEAGKKYTFTMRRAGMGDGTDMEVEDDSPASYTYTVYRDGTKIKEGLTETTYRDAGMSAQSHEYCVEVKYTAGVSPKVCVDYIPDGVADVTAQKPYTLTVVGKTITVTCQGEAMIYDMNGRRLAAGRNTVVYTAQGGYYAVMVVVDGKSYVKKLAIK
Q7MTE2,Q7MTE2_PORGI,Gingipain R1 (EC 3.4.22.37) (Arg-gingipain),Porphyromonas gingivalis (strain ATCC BAA-308 / W83),hagE PG_2024,MKNLNKFVSIALCSSLLGGMAFAQQTELGRNPNVRLLESTQQSVTKVQFRMDNLKFTEVQTPKGMAQVPTYTEGVNLSEKGMPTLPILSRSLAVSDTREMKVEVVSSKFIEKKNVLIAPSKGMIMRNEDPKKIPYVYGKSYSQNKFFPGEIATLDDPFILRDVRGQVVNFAPLQYNPVTKTLRIYTEITVAVSETSEQGKNILNKKGTFAGFEDTYKRMFMNYEPGRYTPVEEKQNGRMIVIVAKKYEGDIKDFVDWKNQRGLRTEVKVAEDIASPVTANAIQQFVKQEYEKEGNDLTYVLLIGDHKDIPAKITPGIKSDQVYGQIVGNDHYNEVFIGRFSCESKEDLKTQIDRTIHYERNITTEDKWLGQALCIASAEGGPSADNGESDIQHENVIANLLTQYGYTKIIKCYDPGVTPKNIIDAFNGGISLANYTGHGSETAWGTSHFGTTHVKQLTNSNQLPFIFDVACVNGDFLFSMPCFAEALMRAQKDGKPTGTVAIIASTINQSWASPMRGQDEMNEILCEKHPNNIKRTFGGVTMNGMFAMVEKYKKDGEKMLDTWTVFGDPSLLVRTLVPTKMQVTAPAQINLTDASVNVSCDYNGAIATISANGKMFGSAVVENGTATINLTGLTNESTLTLTVVGYNKETVIKTINTNGEPNPYQPVSNLTATTQGQKVTLKWDAPSTKTNATTNTARSVDGIRELVLLSVSDAPELLRSGQAEIVLEAHDVWNDGSGYQILLDADHDQYGQVIPSDTHTLWPNCSVPANLFAPFEYTVPENADPSCSPTNMIMDGTASVNIPAGTYDFAIAAPQANAKIWIAGQGPTKEDDYVFEAGKKYHFLMKKMGSGDGTELTISEGGGSDYTYTVYRDGTKIKEGLTATTFEEDGVAAGNHEYCVEVKYTAGVSPKVCKDVTVEGSNEFAPVQNLTGSAVGQKVTLKWDAPNGTPNPNPNPNPNPNPGTTTLSESFENGIPASWKTIDADGDGHGWKPGNAPGIAGYNSNGCVYSESFGLGGIGVLTPDNYLITPALDLPNGGKLTFWVCAQDANYASEHYAVYASSTGNDASNFTNALLEETITAKGVRSPEAIRGRIQGTWRQKTVDLPAGTKYVAFRHFQSTDMFYIDLDEVEIKANGKRADFTETFESSTHGEAPAEWTTIDADGDGQGWLCLSSGQLDWLTAHGGTNVVSSFSWNGMALNPDNYLISKDVTGATKVKYYYAVNDGFPGDHYAVMISKTGTNAGDFTVVFEETPNGINKGGARFGLSTEADGAKPQSVWIERTVDLPAGTKYVAFRHYNCSDLNYILLDDIQFTMGGSPTPTDYTYTVYRDGTKIKEGLTETTFEEDGVATGNHEYCVEVKYTAGVSPKKCVNVTVNSTQFNPVKNLKAQPDGGDVVLKWEAPSAKKTEGSREVKRIGDGLFVTIEPANDVRANEAKVVLAADNVWGDNTGYQFLLDADHNTFGSVIPATGPLFTGTASSDLYSANFEYLIPANADPVVTTQNIIVTGQGEVVIPGGVYDYCITNPEPASGKMWIAGDGGNQPARYDDFTFEAGKKYTFTMRRAGMGDGTDMEVEDDSPASYTYTVYRDGTKIKEGLTETTYRDAGMSAQSHEYCVEVKYTAGVSPKVCVDYIPDGVADVTAQKPYTLTVVGKTITVTCQGEAMIYDMNGRRLAAGRNTVVYTAQGGYYAVMVVVDGKSYVEKLAIK
Q6Q4T4,Q6Q4T4_PORGN,Lys-gingipain,Porphyromonas gingivalis (Bacteroides gingivalis),kgp,PEELTNIIDKVLMYEKATMPDKSYLEKVLLIAGADYSWNSQVGQPTIKYGMQYYYNQEHGYTDVYNYLKAPYTGCYSHLNTGVSFANYTAHGSETAWADPLLTTSQLKALTNKDKYFLAIGNCCITAQFDYVQPCFGEVITRVKEKGAYAYIGSSPNSYWGEDYYWSVGANAVFGVQPTFEGTSMGSYDATFLEDSYNTVNSIMWAGNLAATHAGNIGNITHIGAHYYREAYHVLGDGSVMPYRAMPKTNTYTLPASLPQNQASYSIQASAGSYVAISKDGVLYGTGVANASGVATVNMTKQITENGNYDVVITRSNYLPVIKQIQAGEPSPYQPVSNLTATAQGQKVTLKWDAPSAKKAEGSREVKRIGDGLFVTIEPANDVRANEAKVVLAADNVWGDNTGYQFLLDADHNTFGSVIPATGPLFTGTASSNLYSANFEYLTPANADPVVTTQNIIVTGQGEVVIPGGVYDYCITNPEPASGKMWIAGDGGNQPARYDDFAFEAGKKYTFTMRRAGMGDGTDMEVEDDSPASYTYTVYRDGTKIKEGLTATTFEEDGVAAGNHEYCVEVKYTAGVSPKVCKDVTVEGSNEFAPVQNLTGSAVGQKVTLKWSAPNGTPNPNPNPNPNPGTTTLSESFENGIPASWKTIDADGDGNNWTTTPPPGGSSFAGHNSAICVSSASYINFEGPQNPDNYLVTPELSLPNGGTLTFWVCAQDANYASEHYAVYASSTGNDASNFADALLEEVLTAKTVVTAPEAIRGTRVQGTWYQKTVQLPAGTKYVAFRHFGCTDFFWINLDDVEIKASGKRADFTETFESSTHGEAPAEWTTIDADGDGQGWLCLSSGQLDWLTAHGGTNVVASFSWNGMALNPDNYLISKDVTGATKVKYYYAVNDGFPGDHYAVMISKTGTNAGDFTVVFEETPNGINKGGARFGLSTEANGAKPQSVWIERTVDLPAGTKYVAFRHYNCSDLNYILLDDIQFTMGGSPTPTDYTYTVYRDGTKIKEGLTETTFEEDGVATGNHEYCVEVKYTAGVSPKECVNVTINPTQFNPVQNLTAEQAPNSMDAILKWNAPASKRAEVLNEDFENGIPASWKTIDADGDGNNWTTTPPPGGSSFAGHNSAICVSSASYINFEGPQNPDNYLVTPELSLPGGGTLTFWVCAQDANYASEHYAVYASSTGNDASNFANALLEEVLTAKTVVTAPEAIRGTRAQGTWYQKTVQLPAGTKYVAFRHFGCTDFFWINLDDVVITSGNAPSYTYTIYRNNTQIASGVTETTYRDPDLATGFYTYGVKVVYPNGESAIETATLNITSLADVTAQKPYTLTVVGKTITVTCQGEAMIYDMNGRRLAAGRNTVV
Q51839,Q51839_PORGN,Gingipain R1 (EC 3.4.22.37) (Arg-gingipain),Porphyromonas gingivalis (Bacteroides gingivalis),prtR,MKNLNKFVSIALCSSLLGGMAFAQQTELGRNPNVRLLESTQQSVTKVQFRMDNLKFTEVQTPKGIGQVPTYTEGVNLSEKGMPTLPILSRSLAVSDTREMKVEVVSSKFIEKKNVLIAPSKGMIMRNEDPKKIPYVYGKTYSQNKFFPGEIATLDDPFILRDVRGQVVNFAPLQYNPVTKTLRIYTEITVAVSETSEQGKNILNKKGTFAGFEDTYKRMFMNYEPGRYTPVEEKQNGRMIVIVAKKYEGDIKDFVDWKNQRGLRTEVKVAEDIASPVTANAIQQFVKQEYEKEGNDLTYVLLIGDHKDIPAKITPGIKSDQVYGQIVGNDHYNEVFIGRFSCESKEDLKTQIDRTIHYERNITTEDKWLGQALCIASAEGGPSADNGESDIQHENVIANLLTQYGYTKIIKCYDPGVTPKNIIDAFNGGISLANYTGHGSETAWGTSHFGTTHVKQLTNSNQLPFIFDVACVNGDFLFSMPCFAEALMRAQKDGKPTGTVAIIASTINQSWASPMRGQDEMNEILCEKHPNNIKRTFGGVTMNGMFAMVEKYKKDGEKMLDTWTVFGDPSLLVRTLVPTKMQVTAPAQINLTDASVNVSCDYNGAIATISANGKMFGSAVVENGTATINLTGLTNESTLTLTVVGYNKETVIKTINTNGEPNPYQPVSNLTATTQGQKVTLKWDAPSTKTNATTNTARSVDGIRELVLLSVSDAPELLRSGQAEIVLEAHDVWNDGSGYQILLDADHDQYGQVIPSDTHTLWPNCSVPANLFAPFEYTVPENADPSCSPTNMIMDGTASVNIPAGTYDFAIAAPQANAKIWIAGQGPTKEDDYVFEAGKKYHFLMKKMGSGDGTELTISEGGGSDYTYTVYRDGTKIKEGLTATTFEEDGVATGNHEYCVEVKYTAGVSPKVCKDVTVEGSNEFAPVQNLTGSAVGQKVTLKWDAPNGTPNPNPNPNPNPNPGTTTLSESFENGIPASWKTIDADGDGHGWKPGNAPGIAGYNSNGCVYSESFGLGGIGVLTPDNYLITPALDLPNGGKLTFWVCAQDANYASEHYAVYASSTGNDASNFTNALLEETITAKGVRSPEAMRGRIQGTWRQKTVDLPAGTKYVAFRHFQSTDMFYIDLDEVEIKANGKRADFTETFESSTHGEAPAEWTTIDADGDGQGWLCLSSGQLDWLTAHGGTNVVSSFSWNGMALNPDNYLISKDVTGATKVKYYYAVNDGFPGDHYAVMISKTGTNAGDFTVVFEETPNGINKGGARFGLSTEADGAKPQSVWIERTVDLPAGTKYVAFRHYNCSDLNYILLDDIQFTMGGSPTPTDYTYTVYRDGTKIKEGLTETTFEEDGVATGNHEYCVEVKYTAGVSPKKCVNVTVNSTQFNPVKNLKAQPDGGDVVLKWEAPSAKKTEGSREVKRIGDGLFVTIEPANDVRANEAKVVLAADNVWGDNTGYQFLLDADHNTFGSVIPATGPLFTGTASSDLYSANFESLIPANADPVVTTQNIIVTGQGEVVIPGGVYDYCITNPEPASGKMWIAGDGGNQPARYDDFTFEAGKKYTFTMRRAGMGDGTDMEVEDDSPASYTYTVYRDGTKIKEGLTETTYRDAGMSAQSHEYCVEVKYTAGVSPKVCVDYIPDGVADVTAQKPYTLTVVGKTITVTCQGEAMIYDMNGRRLAAGRNTVVYTAQGGYYAVMVVVDGKSYVEKLAIK
A0A379E0T9,A0A379E0T9_9BACT,Lys-gingipain (EC 3.4.22.47),Prevotella disiens,kgp NCTC11157_01642,MKKRFTNLFACLIAVAFALPGFAQSKYEMQKIHKREVQKRILEMRGQAVENHELLDQMAQPTKGVRAAFKQAMQPVAVPQMLKTPLTARQIEMLGSCLMEDYGTLVSFSPATTITLNKLAQYGYDNVFTGGSALIGDTYYGMAVQSLAGMTMLTLYVTDLNTLKSEEKYVFEKTLMATETAKDPNSNTVFGQFYNADMTKLEWGIIDYVAQKRTTIKASERRYVALAYAKDGMVYGVAVDGKLYKIEPTTGIETPIGDTGVKLLTANKKVFPQSADIDPVSGTFYWAATDANEVSKLYTVNLQTGLATEVGTLPNSISGLAIPGAAAQDGAPDQVSNVTYDFVESSLTGKVTFTAPTQTYGGTPLNKAVELKYVIYIDGQQAATGKVLPGAVKTADVTVTEDGLKNFKIVVSNAVGNGAKFNDNHYVGFDVPYAPENLVLTHSTTGHVKLTWTAPMGVENNGFMGPITYNVIREYNGTGTIVASGLKALTYEEDLTAGEYSSYKYIVESVNGRVTGDYNETEPFFFGSAIEPNYVQPFDTEASATLWADVNPVKGSYNEWKWDEDNQYMKCGYSFKGKSDNWLISPPIHLKAGYTYFVKYDVITPAGSEEKIEVKWGQDAGTDFKKLDKELMPITAYKEKRNVTHSIEKEIKVGPEGNYNFGFHAVSEKGSYFIAIDNFQLLLGPLPTAPDSVTNIKAVTEASGLDQATITFNAPTKNRKGEPITSLTKIEVKNGERLVGTIQPAEVGKQYSITDPSATHGENTYSVFAYNENGIGEKATVNVKVGQDRPGKFKLTAIDQLNSVKLTWTTPTAAEGGFVNPDGITYYIYKVTPEGEMIELGRSAMGAKEYVIENFKTIEGPQTVAYFAVVPKNASGNGKLQAVALLVGKPYQMPYKQSFKNNSDQGQYLQSGPSEAGDEWVITPSAAADNDGGAMYFNPKAAGKALALFGKISLRGAVKPQLSFDYKCEPASKRQLVIMLKGVDGSVKPLYSKDFATSKEDNGWHRAIVNIPAEYTEMAYVQILLFGIAADPTKETAPIYIDNINIIDPLPTDAAVQLVAPKKTLKGHEVKFNAEVTNCGTTTLDEKTMVKIFVNGNEVSQHPLTKKLATTDMEEIPVTYQTSLKDAGTQFIVKAQVVTVSDADKRNDVSEKTITFNSYDVPQPQNVTTTGNNKPTVGLRWEAPQIETPSVVETFEDYDSWTTSFGDWTLLDMDKGYAISPAPKEFQYPHNNEQYAFIIAEPNEFFSPDSKLYNSVQAHGGQKYAMNTYQVNSLTSGATPINSNNWMISPILPGKSQTINFWAKNISRYAETFDVLYSNAGNPRDIRKFIKIGDTYTVKENKWTNIIVDLPEGARYFAIHHNTSSKTTTMFMIDDISFTKGNLPLSYNIYRDGIFIGNSSTLEFNDGQPGVDGNHTYSVAAVYADGSVSTPVDVNVVTDIHEIEELSSDSYNVYTIDGVQVLKNAKDLKSLKRGLYIVNGKKVIINN
A0A5C5UYS9,A0A5C5UYS9_9BACT,Lys-gingipain (EC 3.4.22.47),Blastopirellula retiformator,kgp Enr8_43480,MHAAIAALLATLTLGAAPQPPTDTLVVCPESLVPALRPWLDYRASQGHQIGLITETGSKERIRAAIRETAKSGPLRWVVLVGDVPGADAPPGSPTVPTHEMPAVVNVHFGSEPTLATDNYYADIDDDLIPDVAVGRLSVRTPQQLETVVAKILTYEQDDAPGAWRRQLNVVAGVGGFGLLADSMMESITKKFLTDEVPSSFETQVAYASWRSPYCPDPREFQDETVNQLNDGCLFWIYIGHGQRRYLDYIHVPNRRYYPIFQANDVGRLNCQNGSPIAIFLACYTGAFDEPNDCLAEEMLRRQGGPVAVYAGSRVTMPYAMSVMGAEMLEEYFHNNRETLGELILYAKRDMVDAAAKGGNRKLLDSLARLVSPKPELLKDERREHVQLFNLIGDPLLKLPRTQAAEINSPAEATAGETLLVSGVSPVAGKGRLEIVCRRDLLTFKPELRADYDESLPDFPSVYRQANDRCWHSIEIDLAAGPFETTIPLPAHCAGECHVRLFVEGADVCALGACDVKVAPPEANTQTP
Q51816,Q51816_PORGN,Gingipain R1 (EC 3.4.22.37) (Arg-gingipain),Porphyromonas gingivalis (Bacteroides gingivalis),,MKNLNKFVSIALCSSLLGGMAFAQQTELGRNPNVRLLESTQQSVTKVQFRMDNLKFTEVQTPKGIGQVPTYTEGVNLSEKGMPTLPILSRSLAVSDTREMKVEVVSSKFIEKKNVLIAPSKGMIMRNEDPKKIPYVYGKSYSQNKFFPGEIATLDDPFILRDVRGQVVNFAPLQYNPVTKTLRIYTEITVAVSETSEQGKNILNKKGTFAGFEDTYKRMFMNYEPGRYTPVEEKQNGRMIVIVAKKYEGDIKDFVDWKNQRGLRTEVKVAEDIASPVTANAIQQFVKQEYEKEGNDLTYVLLVGDHKDIPAKITPGIKSDQVYGQIVGNDHYNEVFIGRFSCESKEDLKTQIDRTIHYERNITTEDKWLGQALCIASAEGGPSADNGESDIQHENVIANLLTQYGYTKIIKCYDPGVTPKNIIDAFNGGISLVNYTGHGSETAWGTSHFGTTHVKQLTNSNQLPFIFDVACVNGDFLFSMPCFAEALMRAQKDGKPTGTVAIIASTINQSWASPMRGQDEMNEILCEKHPNNIKRTFGGVTMNGMFAMVEKYKKDGEKMLDTWTVFGDPSLLVRTLVPTKMQVTAPAQINLTDASVNVSCDYNGAIATISANGKMFGSAVVENGTATINLTGLTNESTLTLTVVGYNKETVIKTINTNGEPNPYQPVSNLTATTQGQKVTLKWDAPSTKTNATTNTARSVDGIRELVLLSVSDAPELLRSGQAEIVLEAHDVWNDGSGYQILLDADHDQYGQVIPSDTHTLWPNCSVPANLFAPFEYTVPENADPSCSPTNMIMDGTASVNIPAGTYDFAIAAPQANAKIWIAGQGPTKEDDYVFEAGKKYHFLMKKMGSGDGTELTISEGGGSDYTYTVYRDGTKIKEGLTATTFEEDGVATGNHEYCVEVKYTAGVSPKVCKDVTVEGSNEFAPVQNLTGSAVGQKVTLKWDAPNGTPNPNPNPNPNPGTTTLSESFENGIPASWKTIDADGDGHGWKPGNAPGIAGYNSNGCVYSESFGLGGIGVLTPDNYLITPALDLPNGGKLTFWVCAQDANYASEHYAVYASSTGNDASNFTNALLEETITAKGVRSPEAIRGRIQGTWRQKTVDLPAGTKYVAFRHFQSTDMFYIDLDEVEIKANGKRADFTETFESSTHGEAPAEWTTIDADGDGQGWLCLSSGQLDWLTAHGGTNVVASFSWNGMALNPDNYLISKDVTGATKVKYYYAVNDGFPGDHYAVMISKTGTNAGDFTVVFEETPNGINKGGARFGLSTEANGAKPQSVWIERTVDLPAGTKYVAFRHYNCSDLNYILLDDIQFTMGGSPTPTDYTYTVYRDGTKIKEGLTETTFEEDGVATGNHEYCVEVKYTAGVSPKECVNVTINPTQFNPVKNLKAQPDGGDVVLKWEAPSAKKTEGSREVKRIGDGLFVTIEPANDVRANEAKVVLAADNVWGDNTGYQFLLDADHNTFGSVIPATGPLFTGTASSNLYSANFEYLIPANADPVVTTQNIIVTGQGEVVIPGGVYDYCITNPEPASGKMWIAGDGGNQPARYDDFTFEAGKKYTFTMRRAGMGDGTDMEVEDDSPASYTYTVYRDGTKIKEGLTETTYRDAGMSAQSHEYCVEVKYAAGVSPKVCVDYIPDGVADVTAQKPYTLTVVGKTITVTCQGEAMIYDMNGRRLAAGRNTVVYTAQGGYYAVMVVVDGKSYVEKLAVK
Q51844,Q51844_PORGN,Gingipain R2 (EC 3.4.22.37) (Arg-gingipain),Porphyromonas gingivalis (Bacteroides gingivalis),,MKKNFSRIVSIVAFSSLLGGMAFAQPAERGRNPQVRLLSAEQSMSKVQFRMDNLQFTDVQTSKGVAQVPTFTEGVNISEKGTPILPILSRSLAVSETRAMKVEVVSSKFIEKKDVLIAPSKGVISRAENPDQIPYVYGQSYNEDKFFPGENATLSDPFILRDVRGQVVNFAPLQYNPVTKTLRIYTEIVVAVSETAEAGQNTISLVKNSTFTGFEDIYKSVFMNYEATRYTPVEEKENGRMIVIVAKKYEGDIKDFVDWKNQRGLRTEVKVAEDIASPVTANAIQQFVKQEYEKEGNDLTYVLLVGDHKDIPAKITPGIKSDQVYGQIVGNDHYNEVFIGRFSCESKEDLKTQIDRTIHYERNITTEDKWLGQALCIASAEGGPSADNGESDIQHENVIANLLTQYGYTKIIKCYDPGVTPKNIIDAFNGGISLVNYTGHGSETAWGTSHFGTTHVKQLTNSNQLPFIFDVACVNGDFLFSMPCFAEALMRAQKDGKPTGTVAIIASTIDQYWAPPMRGQDEMNEILCEKHPNNIKRTFGGVTMNGMFAMVEKYKKDGENMLDTWTVFGDPSLLVRTLVPTEMQVTAPANISASAQTFEVACDYNGAIATLSDDGDMVGTAIVKDGKAIIKLNESIADETNLTLTVVGYNKVTVIKDVKVEGTSIADVANDKPYTVAVSGKTITVESPAAGLTIFDMNGRRVATAKNRMVFEAQNGVYAVRIATEGKTYTEKVIVK
Q9R9B7,Q9R9B7_PORGN,Gingipain R1 (EC 3.4.22.37) (Arg-gingipain),Porphyromonas gingivalis (Bacteroides gingivalis),hagE,MAFAQQTELGRNPNVRLLESTQQSVTKVQFRMDNLKFTEVQTPKGMAQVPTYTEGVNLSEKGMPTLPILSRSLAVSDTREMKVEVVSSKFIEKKNVLIAPSKGMIMRNEDPKKIPYVYGKSYSQNKFFPGEIATLDDPFILRDVRGQVVNFAPLQYNPVTKTLRIYTEITVAVSETSEQGKNILNKKGTFAGFEDTYKRMFMNYEPGRYTPVEEKQNGRMIVIVAKKYEGDIKDFVDWKNQRGLRTEVKVAEDIASPVTANAIQQFVKQEYEKEGNDLTYVLLVGDHKDIPAKITPGIKSDQVYGQIVGNDHYNEVFIGRFSCESKEDLKTQIDRTIHYERNITTEDKWLGQALCIASAEGGPSADNGESDIQHENVIANLLTQYGYTKIIKCYDPGVTPKNIIDAFNGGISLVNYTGHGSETAWGTSHFGTTHVKQLTNSNQLPFIFDVACVNGDFLFSMPCFAEALMRAQKDGKPTGTVAIIASTINQSWASPMRGQDEMNEILCEKHPNNIKRTFGGVTMNGMFAMVEKYKKDGEKMLDTWTVFGDPSLLVRTLVPTKMQVTAPAQINLTDASVNVSCDYNGAIATISANGKMFGSAVVENGTATINLTGLTNESTLTLTVVGYNKETVIKTINTNGEPNPYQPVSNLTATTQGQKVTLKWDAPSTKTNATTNTARSVDGIRELVLLSVSDAPELLRSGQAEIVLEAHDVWNDGSGYQILLDADHDQYGQVIPSDTHTLWPNCSVPANLFAPFEYTVPENADPSCSPTNMIMDGTASVNIPAGTYDFAIAAPQANAKIWIAGQGPTKEDDYVFEAGKKYHFLMKKMGSGDGTELTISEGGGSDYTYTVYRDGTKIKEGLTATTFEEDGVATGNHEYCVEVKYTAGVSPKVCKDVTVEGSNEFAPVQNLTGSAVGQKVTLKWDAPNGTPNPNPNPNPNPNPGTTTLSESFENGIPASWKTIDADGDGHGWKPGNAPGIAGYNSNGCVYSESFGLGGIGVLTPDNYLITPALDLPNGGKLTFWVCAQDANYASEHYAVYASSTGNDASNFTNALLEETITAKGVRSPEAIRGRIQGTWRQKTVDLPAGTKYVAFRHFQSTDMFYIDLDEVEIKANGKRADFTETFESSTHGEAPAEWTTIDADGDGQGWLCLSSGQLDWLTAHGGTNVVASFSWNGMALNPDNYLISKDVTGATKVKYYYAVNDGFPGDHYAVMISKTGTNAGDFTVVFEETPNGINKGGARFGLSTEANGAKPQSVWIERTVDLPAGTKYVAFRHYNCSDLNYILLDDIQFTMGGSPTPTDYTYTVYRDGTKIKEGLTETTFEEDGVATGNHEYCVEVKYTAGVSPKECVNVTINPTQFNPVKNLKAQPDGGDVVLKWEAPSAKKTEGSREVKRIGDGLFVTIEPANDVRANEAKVVLAADNVWGDNTGYQFLLDADHNTFGSVIPATGPLFTGTASSNLYSANFEYLIPANADPVVTTQNIIVTGQGEVVIPGGVYDYCITNPEPASGKMWIAGDGGNQPARYDDFTFEAGKKYTFTMRRAGMGDGTDMEVEDDSPASYTYTVYRDGTKIKEGLTETTYRDAGMSAQSHEYCVEVKYAAGVSPKVCVDYIPDGVADVTAQKPYTLTVVGKTITVTCQGEAMIYDMNGRRLAAGRNTVVYTAQGGYYAVMVVVDGKSYVEKLAVK
A0A517Y8D3,A0A517Y8D3_9BACT,Lys-gingipain (EC 3.4.22.47),Anatilimnocola aggregata,kgp ETAA8_15860,MTAWMLLCLTLAAETAPTPPAPTDDAPDAVVVAPKSFIPALDPLLAHRYAQGHRFVYIPNTWTPTEIRNGIRQAAKKGNLKYILLVGDAEPTLGTSDLIRQRCVPTHYATAKVNVKFGSEPEIATDNWYADLDDDELPDVAIGRIPADTPQQLSAVIAKILAYEKSVDHGLWRQRINFVAGVGGFGGVVDSMIESTTRKFLTDGIPASYTTNMTYGSWRSPFCPDPRRFHEVSLQQHNDGCLFWVYIGHGQNTALDRVAVPGARFHILDVNDGPKLKCENRAPIAIMLACYTAAFDGEQDCLAETMLHSPGGPVAIYGGTRVTMPYAMAVMGSAMMEQYFKVQPTTLGEAILNAKLQMVKPIDEANPLKNTNRLLLDAMASVMSPARQQMTDERKEHVHLFNLIGDPMTKLAHPTKVKLTVPRDAEPGQTITVSGESTIGGSAVVELCCRRDRFKTDLPQRDHFNPSNAGLASLHPVYEQANDRCWTRLQLPVTAGPFTTDLTIPAECHGACHVRVFVQGEQSHSLGAANVYVKPIKLVENREPISAGR
A0A518DVK6,A0A518DVK6_9BACT,Lys-gingipain (EC 3.4.22.47),Lignipirellula cremea,kgp Pla8534_36870,MPILLLSLCLLSADPSSMDTAIDTAIVCPADFIPALTPWVRFREEQGHRFILLDNRQPAEQIQRQLRQLAGQHPLKAVLLVGDAAPTALEAIGVVRRITPTLLSKAKVNIHWGSEPEIASDNGYADLDGDQLPDLAVGRLPADSPAELSTMVRKIIAYETSPDLGLWRRKINFVAGVGGFGAVADTVLETATKKFMVEGVPASYETSMTYSSWRSPFCPDPRKFNAAALYRLNEGCLFWVYIGHGSRTHLDGVRTPEGLYPIMSTRDAPRFAAAAGAPIAIMLACYTGAFDYEQDCLAEEMMRSPGGPVAAISGSRVTMPYAMTIMANELMKEYFTKPTATLGEVLLNAKRRAVETSPNDPQRQLIDMLAAVISPKPELLREERYEHLELFNLIGDPLLRLHRPAAIRLLAAETVVAGEKLHVTGVAPVGGRCTVEIACRRDRMTENVANRTEYVTQDLARYDNTYFQANNQTYARHVVDLNAGDFEFDLTTPADARGACHVRVYIEGEKSSAQGSADVFVSRP
A0A6C2U8Q4,A0A6C2U8Q4_PONDE,Gingipain R1,Pontiella desulfatans,rgpA PDESU_04926,MSRLRKVWTVGCLVVLVLLGFVVSRQNEPVQGGSVVSNAPNAPQRKVVEPIFPEVQVESEILRTEALSDTQARLNLDFPVVSFSDVTLEDGNAYQTAHLPQTGLLPMGEGRPTLPLKTLMVAIPPGAEFDVQLAAGETTVMSDVLLAPAERLIKMNGDDKESTFAIDDAFYAADESFPADPLYSARRVSLRGREFIEVRVAPLRYNPAKRELEVAETVAVEVEIFPTAGGVAPAEDPLYSPAFDSMTTEGDYSFPGYMPTNVVFPGGIGPEKYMIIYNEKFQDNPHFQEFIEWKRRKGYEVVLKTTKSIGGSNCNASEISNYLKGLPDEDWPTYLLLVGRHNTTTGVAMHKRFTSYSSSCWNDHFYSLRTKNQEVNEEWGTPSKVWDWSNASTSPDGLQLTISVPYDNWGFIYKEVEPGDEVLFEGGITSTVASVNSYSNLTLTSSVYPGASNLTFSIDVLADFNPADWVDEYPDLFVGRIPANDNGMLSSMLEKMMLMDRNPPQSGSHYERNILVGAKDGALQGPEPMIDALGVYFEREYGDATVERAFNGGNYTPGQWLNPGHSMFWPDKDWQVSDGFVAKNCSSNTEAKEKLKREWGQEEGAALVHYICHGGEQGWYWNNKGSTFTIDELAELNTPERYAMVMDYSCDTAGWNSSTNFTQVALCNPNGGAYSMISACQPQWGGIQDYQFYGYLSGVFTNWFDFFIDAFEEGVDDDTVTYPAFSDPTLPITYSPGHAPRMGQMWWCGKVYTLENYPADDLLWGADKPDQPVVGNHVAYENMIMQNLFGDPEAFMVFSAPTPLAATLSASVGPGASTVQVTTEEGAQVALYSDALNIHLVAIADTNGVASFDIAPVQAGAVAVTASKFGRVPFEGGFAVGANNAPVFSQSDIFQTTVKAAEACEDSLAAFASDPDGDGIKFSITDGPDWLKMLDNGTYYGTPDFSDIGSNEFTVQVEDDSGASDTAVMTIIVNPNDAFNTAPYANEDPIQLSATVAGGISGSLTNHVFDDEGDVLSFSKTAGDAWLTIATNGMLSGYPPAATVGDNAFDVTVSDGVNLAMIHLNISVAPASEITVLDIDFQGSEAGRTNLLAATEAERGTILSNGTHVGVWSDVAATPNLAYEIQQETDGTNKVLAFANENNGTKMVADLLFDYTANLESGEVLDLSWEWMHTDGKGGGSGDVFLILLNDAMEEVATLKWNDSSQLSLNGTSFADRLRQLPIDPYVEITTALWNPLAMDMEMSSTNMALSIDGAVVTNMPFTAATIKGLRFKTASNRTYSEGGAWMDNILATVTPPLPVSADADEDGIPDNWEAQFGLSGGNAADAALDIDGDGLTALQEYIADTNPTNPASCLVINSLVWTNGQFWVDWNGGINATQYFECAENLVSNHWTELRTYVPPTTTNQSMTVTNAPSAECFFRIRSAR
A0A517MP67,A0A517MP67_9BACT,Gingipain R2 (EC 3.4.22.37),Roseimaritima multifibrata,rgpB FF011L_54870,MFSVPRSLQPCLQALLLGGIFTLCLNVCATVQANQQALPANVIVVCPTSFQEAIQPLVQRRQAEGLRVQVIPSQASSADLAKSIQAVADLDTTRYVILVGDCSLRDATTGSDPKYEVPTLQEPATVTAAWKTTPMLPGDTFYGDFDNDGFPDAAVGRIPIDSARQLTTYIDRIIHYEDESEFGPWWQRVQLTAGVGGFGFLADTAIESVTRGMVTSSMPAWTHTQVTYASPTSPFNPGLNRFQEAVLKQYSQGNRFWVYAGHGWVTELDRVPATAAGRPVLANHNVDGLQLTNSPPPIALMFACYTGAFDANEDCLAEQMLRTPHGPIAVVAGSRVTLPYGNAVVATGLIRAVYEDHAPRLGDAWRTALREVATASEANPELKKRRTMIDTLATLISPTAANLPAERREHMQLYNLLGDPTLRLLQPQKLPLNVAGNVPAGNPITITGTSPIDGTLTLSLHRAIGSLPAGTPLEDRHQLANSTEVARDQVIVKAKQPFSMQLPTLATLTGTLHVIGAVKESSAFAIGDVRVLITSE
A0A518CCP7,A0A518CCP7_9BACT,Gingipain R2 (EC 3.4.22.37),Bremerella volcania,rgpB Pan97_40650,MTSILVLALLMAAPEASPSEGFDTLVVCPEAYVAAMRPWFEYRMQQGYRIGVVTDVTSKEKIRSTIHEAAKSGPLTQVLLVGDVVADKSGGVGIPVHYQKAVVNVHFGSEPEIPTDNYYADLDDDQIPDLAVGRFSVGSEEELKTIVAKTIDYESKLPPGDWQRRLHFVAGVGGFGSAVDTMMETVTKKFLTDEIPPHFEAIVAQGSWRSIYCPDPREFRDEVVRQLNDGGLFWVYMGHGHVETLDYIRVPNDAYPILTNKDVAALRNETSSPIAIFLSCYTGAFDAPRDCLAEKLLRQKGGPVAVFAGSRVTMPYAMSVMGTEMLQQYFDERQPTLGQLLLNAKREAMRQGGKSGNRKMLDTMAALVSPKPGLLREERLEHMALFNLLGDPLLKLPHASPVEVSAPEVAHPGSSIEVVGKTVLPGKVRVELVCRRDGCVAQLSKRATYQALHEDLAQYTKTYQSANDRLWQAVEAQQSDGQFHTRIEIPESCHGPCHVRVWVEGSSQVGLGSQDIAIQPLQIAEGNSDGQIGE
A0A5B9PNS5,A0A5B9PNS5_9BACT,Gingipain R2 (EC 3.4.22.37),Mariniblastus fucicola,rgpB MFFC18_41180,MLKPGVIGLSIFGILFCVLLATPSQAQIKRDAVDTLVLCNPDLQTALAPWVEYRRRQGHRIAIRFSKPTVEQNRKLIAEYAKGDRLENIVLVGDAGDRWLDPRKLVPTNLVPAKVNLLFGSEPNIASDNPYGDLDEDGVPELAVGRLTADTPEELTQTVNRIIRYEQEANGQLWQRKINLVAGVGGLGRMVDSIIENTTRQIVKELIPAGYQTSMTYGSWTSPYCPDPRRFSETAIGRFNEGCLFWVYCGHGNRGQLDRIMLPDQNHRILDCELVDQLDCKSGSPIAICLACYTGAHDGDEDCLAEHMMRQPNGPVAVVCGSRVTMPYAMSILSVEMMNEFFRGECQTLGQLMLRAKQRMAKKPDGDNKYRQSLDALGQTFSPMPKLLDAECREHMHLMQLIGDPLMRLKRPTKLSLGIKTPTPDVAVDDELPTFSAGDTIALSGATDKPGTLLVELAYQRGRLRHRPSIRHEYDSSDKAFAKIHEDYLKAHDSVVLQKQLQIGKGGFEVDLQVPAGCKGECDVRAMLLGAEDAAIDSVPVRVLSDRQSRKLKQKAIEESRVRSARLEIE
A0A1Q2MI57,A0A1Q2MI57_9BACT,Gingipain R1 (EC 3.4.22.37),Limihaloglobus sulfuriphilus,rgpA SMSP2_02722,MEDIKGLHSNVLTRLVIGISVLSLTLFFLSVPTYAAQKEQMFTETSAQADVKVLQADAKKIIVDVKIDRLQKQTKEAANKSFEAFSLAGRLTTSQVGKPQLPVIRELIAVPDNAKFEVSILESSSVIIEDIDVYPFQPPLKDGQKQGEFVIDKDFALQDDFYPYDIVSIDDPAIWRDITVVGVTLNPACYNPVTRQLKVYKHLKVKIEILGGDKNKKRISQKNAKMYKGAVKNFDSLDVVEEDETIDFRYDSELQQLLETTDEPGAQLKALPEEDQLKSGTPYDSSRKILSIRHSSCSTYATLYPLLDWHRRKGLPYYSYPISGTYTAQQIKNIIVSQYNAHPELEYVLLVGDIDYIPWQQNWGGSSWPNDLPGDHWYACITGGSSPDMYADVAIGRLPCKNDTELQNMVDKILSYEKTPPAGSWPNTAILMSHKENAPGKYQGCSEDIRTATYSYDPFSFVTAYGASAANDGDDATNNDVIGALNSGAGILNYRGHGGWSDISGPPYGEFWGSSWNTSYQAFSKTTVSSVNNGGMLPVVFSISCTNAWLDAANSTLGEHFIKQTDSAVAFLGASRPSYTTPNHDFDKSLFKAIGSYGVYNVGKVLNSANAALVAGYGSSSYAMDNVKMYLWLGDPAMEIRTSGRVLLNVSHPSSVYNGVMTVNVRNSYGTAVQNALVCIDGQGVYTKKYTNSSGNATFYFIPDSTGAMDVTVTKHNYTPYEGSVDIVPIPNAITNIEFDPASPSSLAHGERVYANFNYTTNDTGGIQIFVRPYTNGSRTPNYGAHGSGWYAYPSGSGSGWFTINSGNVVVDQVQFTIYNHDQSQLLLELYVDVDFTYGHSVHNVSFENPSPVVMKWGENYNIDFDYYSATNNALVFFTPYTNGSVTPGRISSPSPFYPEGRGSGDYYFRFDSGQKHIDQIRAYMVNSTQTVVLFEEYIDVDITYEGWPQITASPSSFYIEMDSGGTTWSDTLRVNNVGDGTLHYGLRDRIDSGVILAMLNYTADLTSYVNPDTSLGSDGEQVSPEQDIIILPPPIIIIPNPWIFIIKDLVGVTVAYDLSHGETNASAMDAIKNNLILRGAKINYINTGPITENLLEPYDVLWVNENSGSTWTTAERAAVANWVDRGRGLLVYGDQPGTSSVLTTPYGMNFTATNGTSGYSSNITSHAVTDGCDEVYLPAPLSSLLVSGSATSLVRDAGGLHSVAVADSGLGRAAAMADDYFWGAHLEYGDNFRMARQAFKWLTPPGAPWLNQNPKSGSVPISPGYEDVDLDIDATGYEDGDYYSEITITSDDPDQMPMVVPVHLKVEPVVEITNVVSMPTSPTSLPFGNNVNITFDYSTNVSGGIKIFPRPYTNGSLTPNYSASSSPEYPVGTGSGDGYFTITSGDVVVDQIGFIVRRASNNELIDIIYVDVEYEFADLARLELYFKLEGSQRPDPSGWEFPVYVKLFKPGADVLNATPVYMFSATTQKDGSYAECSAWWAEVGTYDVTIEHRYYSLINVRRNVTVNSPITTIYMGTMFFGNAARDDILNMYDLALMSKSWGLYFKDPSFVAGCDADMNGWVNIYDLRLLAGHWLRTSPVTVIVKPTL
A0A517WP91,A0A517WP91_9PLAN,Gingipain R1 (EC 3.4.22.37),Gimesia aquarii,rgpA V202x_04230,MLQKSNSSFRVAKRLILLTSVIISAGCGSSEVADRTVDEFQAYAATALPSFSESELKAFATAVDLNGDGIISNTEFTNRFIVLREFTANNSPQPDSSANPTEGPTNDLKSVSTVIPALTNSEQATVLLITANELAAAWKPFAEWKTQGGKVTKIITVQKIKEDYEATNIQEKIRLCVRDHIDRQGTRWVVLGGDSLSGANGLIPGGHRTMHAQEPEGIPTDIVYLSKTNWDADGDGVYGEWEEDRKAISYPDGQIGLGRIPVRTADDVRAFTEKVIAYESRYPTNDFARQMIYTCTDSPAYPKVRRSWDSHVSKVWKEGEVNRFFSKATPWDKDDEPGSYDLSAENLLSLLNKKTTGKLHIHGHGHLPAWVLERSMFTAKHVGQLKNDGAYPLITTVSCNTGEYDSEDDPSIVESMIRQPNGGTVAIVAPIRTGKPHFHKPSDFRLMVLEGKLDGTTMTMTRYWSHGLGSGLTTGEALMKAKADMTDDAVKTAGYHLCICELNLLGDPTLDMRAKIPRMPQIIVPKSVGQGKQTVNITTDAPGSTVCLWKGKEVYEVRAADAKGKTTFDITTKTTGTLLATVSGANLNRVTAQIQVK
A0A379GBI8,A0A379GBI8_9BACT,Lys-gingipain (EC 3.4.22.47),Prevotella pallens,kgp_6 NCTC13043_02381,MHPYNRRQVRNNRETFVIIVMAYYSLNLLLMKKKSYIMFAGIIAFLLCWSSAMMAQNNSQRESTLRNALSARQGGMAMGSTLKMPVAQRPSTDNILLQTVAAPLQKPLAAPLLKTNGGIVLWGNVIHQEGWKVGEAAYGMYSVGTTVPIEVKPLGLMHYMEVNSGSGIVGDVFHAMYLDLLAYSEGQIKVHHYTYDIDTWEQLSDDNLGRDGLSLCAMETAQDRNTGKIYGVFWDESGTNLQWGTIDYTKMKRNFIGWAERQYVALGISKEGTLYGISLDGNLYSISTTDGKETLVGSTGVTVRDSDGSYYQQSGEIDQKTNIFYWASIDKDGKSVLYNVDLTTGKANKIGDMPSETQILALTIPTTTAAPEAPARINNLKFVFEKGNTTGRIQFTAPSKKINGEPLTGNLTYYVVANNDTVKKAVATAGAKVDDEITVSGGDTKFLVTIANAAGSSPKVRYTAWVGYDIPADIERVKFNYDGTKAVVTWHSVTQGKHGGYVGEVIYDVKRMPDGAQVQTNVAGNSLTVPFTTTELKKYSFAITPKAGNRQGNEVASNGIVIGKAIVPPFKESFYDEESFNNFTAIDANDDGQTWEWGLADDWKGRAQSGYNPKGVADDWLLSPPFELKADRLYTVSFEAYNTLAEQFKEVFQLACGEGYNPENYAKVGQPVLVPKAQTKFSYELKVPKDGSYHLAIHDKSGFNQWRFYVRNFQLVPGALFTAPDAATDFHVIVDQTGREKATLNFKMPVKAVNGDALTAQLDSAVIYRDDAKLGVLKNLMSGQVMTYKDDNVAKGAHIYKVVAYNTAGAGREAVAKAFVGFDIPATPTGLKALDKNTVAALSWDKTSTVGANGGVVVPEEITYYVMSMKNSKEPTDTLASFKNKNSYDVTPVDLNTGEQQHFVYWGVSAQNQLGSSGIATTRLIAGKAYNVPFKESFANASLSSLVWLADTKGTSWKIRRGVAYDKDGGALCFEPAHTGDESTLGTGKISLIGTTNPKLIFSYGRKNFPDTKLIVFVQRPDGTRTELKTIDYSLINNNQAWFNEVIPLSAFENERFVFIGFKAVGGTNHEPIFVDNIRIMEVQRNNLAVTVSGTGKIIKGRTAKLQVKVENIGECEAKNFTVRLKSGGKEINSYEWNDKLAPFSSCTLDFQVPSSAIIADAKEMKVITEVEYDKDLDNTDNKAETTIRLEDSEKPTIQNLRGTREQSNVSLEWEAPNTAPQTVTEDFERYDAWSTEFGDWTLIDANGGYSGGFFDDLWYPNQFTQFAYIIFNPFVLGENVATLNPWLKPFSGQQYASVPYELDETGQSYVNSDNWIISPKLSGQAQTISFYVHNMTVNNVAYIENYDVLYSSAGNDITDFTNIVLKNRQAVSGEWEKVTINVPAGTTYFAIHQTTPQTGLMFGIDDVTYTKETPTPIYYGIYKAGTLINKVPVTVRHCVDVNAGANTQYAVTAIYADGTESAPVEVNVPTGIENVITDGKPVDVYTVDGKLVRRHTTTLRGLRKGVYVVGNKKILIE
A0A5C6BHY3,A0A5C6BHY3_9BACT,Gingipain R2 (EC 3.4.22.37),Novipirellula galeiformis,rgpB Pla52o_57900,MTGMICRNFFFSLAVLLAGVGPALIGTEAAVAIDIVAVCPSEYRDGFQAWVDHREQDGLTVAVIENHPDARSLLKSIQRSAAPQTRYVVLVGGSPAIGTTCDPTREIPTTYSPTTVTAKYGSTPTLSSDMPYGDFDQDGIPNAVVGRFPVNHKTELKNLIDRIIRYEQNSDFGLWRGDLQLVGGIGGFGGMVDTAIETVTRTIVTGVLPAETRTTVAYASPNHRFFPKSKSFTEAVIENYNRGSRFWVYAGHGQVTQLDRVPASAEGRPVLDRDSVGQLNCAHAGSPIALLLACYTGAIDAPESCFAERMLLADGGPVAVIAGSRVTMPYGNATAAIGLIDGVYHKKETRLGDAWLSTLVEMQRDAVTDRSTPRMMVDSLAAMISPAGTNLVEERREHTRLYNLLGDPTLRLHPPQTIDLKVAPGYHAGETITIESTSSIDGEITMTLDRPLGSPPVAATSLGSSLHDDDDPNETSIASVTQQVTANQVNKSVFVLPLGISGPLTIRALIAGEKTWATAAGRTIIHQHKH
A0A379G961,A0A379G961_9BACT,Gingipain R1 (EC 3.4.22.37),Prevotella pallens,rgpA NCTC13043_02049,MKPNLRRNKFVVIAALFITMFAMPIETWAQGTAKIILEAHNVWGDGSGYQLLLDADHNLYGDKIPVEGPIWDDNNPPANLYSGFEYTIPANADPSTTPKHMVVDGEESIDIPAGIYDFCIVAPQAGTKIWIAGDADGPTRGNDYKFEAGKTYRFTMHIVHEVNNDGAKLLITEDGKIETYQLWVAGTQVTSDNCNDLPRSKGVVLYDPATKVLSLYDATINVYGTDEAIKTSMDDLTIRMEGENTLASTDGPAIRVEKAKSTITGGGKMTLTGKDFGIYVAPNASLTIDNSGIDSKGSIGNEMAGAEITINNSSVTAKGNTYASMCGIQTLSLNGCSIVKPSGASFDASLAGIALNNELVKDEVVIKAQELTYYDLEVAGRRVTSANCNTLSKLDYVNGTILYDPTANVLTFKDVSIAGAINAVVSHSDNLTIKLIGNNNFTTEYVAISFTAPLTITGGGTLTAKSVKDCAIYANQTNLTIDNCNVNAESTVYGIAGDGGDNEHLTIKNANVTAIGTQFGSISDFASITLSDCTIAQPDGAVFDPTKHCIALNGEPVKTKVVITNNPAGIATAKGEDANTQNIYSVSGVRMSKQLNSLPKGVYIVNGRKVVKSL
A0A5C6EB22,A0A5C6EB22_9BACT,Gingipain R2 (EC 3.4.22.37),Novipirellula aureliae,rgpB Q31b_19050,MMNWHSKSTMSSVAVSLAALLLASVDSSDLIAAERTLSDFKAYAAERLPQLGDTPLDRFVRMVDKDGDGVISDVEFDDRLATLQKLSQSSSQPEPIKSTSETATGMSPSTVLLITSDELAAAWEPFAIWKTRNGKATKIVTIGQIQQQYEADGIQEKIRLCVRHHIDNHKTRWVVLGGDCEPDGKGLVPGGHTTVHAQERSGIPTDIVYLSETDWDADEDGIYGEWEEDREAISYPDGTVGLGRVPVRSAADVAAFTDKVIAYESHYPTSDFAKQMIYTCTDSPAYPKVRNSWDGYVSKVWEGGQAGRFFSAETPWDEQGSPGSHQLSADNLVALINAKTTGKLHIHGHGLLPLWALEDSKFTAQHVNQLSNETAYPLITTVSCFTGQYDGKEDPSIVESMIRQPKGGSVAIVAPIRTGKPHVHQPSDFRRMVSEGKLDGTTQTMTRYWSNGLGSGLTTGEALMKAKADMVVDAQKTAGYHLCICELNLLGDPTLDMRANIPRSPKLECPSSIATGKQSVEVITDAPGSTVCLWKGNEVYIVTTTDADGKAKCSIEPTSAGNLSVTVSGTNLNSVMKSISVNEQRQ
A0A518ICD3,A0A518ICD3_9PLAN,Gingipain R2 (EC 3.4.22.37),Gimesia fumaroli,rgpB Enr17x_28120,MRKLVMLDAAGLSDEYDIELLGTEPIVEVEEFEHEIRLSVKFPAFFLIDDSHEVKGKRIPFKQVDIDGVGYLVESGKPLMPSFGRYVQLPAGCGYEVHVKKSEPREFEGIDVLPAQDEITDDADTEHEFEYDESFYKKSRSYPSELVEVTGPFELDAYHAILVHIRPAQYKPKKQKLLLYPNIVVTIRLIEGAGDADLDVYDRNLELESFGNMFVNPQRDIEQRLEGRWLERQPPLSHLTGPQYLIIAHDDFLQAARKLADWKLRKGLITKIVPISDIGNSVSQIKEYVRNQRSKPGSKLRYLLLLGDVDQITTETISGGAFGSNASDYYYTTKFDPAGSTDLVMPSISGGRIPAQSLAEANAVVEQIIRYEKAPPADPEYYRRMTFAGYFQDDQPQDGRADRRYMKTLESIRSHLVSLGFEIERVYVSNNPNPQYFRDGTPVPTEVKAALLNGAVATANLVDATTEGQLITAHRDHGLESGWHMPHFQTGDLSGVTGTMPSIFYSVNCLTGRFDLSASTNSFAEAIMQLPGGAPSLIAATRVSHSFLNDDLTKAIFDGMWPGVLPTFPSSTAAYGVRNNRLGDLLNYAKSYLPICGSGSPQYIKDHFEIYHVIGDPTLEIWKDVPRLIRLRAFIQDTHMHIQLPIVPKGCLITIWHGKRLLKKFEPSSTLVRISLRDLQGRGLPWMERVVQICAAAPGNRFSAVKVRI
A0A5Q4Z501,A0A5Q4Z501_9GAMM,Gingipain R2,Aliivibrio wodanis,rgpB AW0309160_04039,MKLNHAKFLLSLAIFSPTLFAAANEVEHTDTALFDKQVIKLSPLSDVRSSINETSAEQYISVLQKHHNSATFEAKLTELTLAKIKMADGNVYNRILLPDGAAPNDPGKPNLTGYRQLIQIPDGAQLELDIQHVEWSKTYSDMVVDPVQLPFPDVVEENGNRPDQNMPFVKDETAYQALAEHSLPVISVVETIRVRGQSYAVISYRPIDFNPIEKTVRFAQNVRFNVNYVLSDTAEPKRQDKLSFDKNNGSAIDLNSEHIDVIDKQNSNNNAVLTPAQKADYLIITADRFEETLVPFVEWKRKKGYQVHVATITEVGNTQDKIKSYIKNSYSKGTMTSYVLLVGDHEDVPAYEVVGHPYHGDAHRWHTDYEYALVDGDDNYADIVLGRFPGDTEAQITTMVNRSLNYDKNPTDSDRYNHVLLAGQYQDSNDNKVADRMFMEDLHRAADFLGADYDFFSGEGDLFSKGYQIHTALQWDADLTKELKYGGWNYGTARVTPPKTVPQVWKDQGNGNHIQIADAINQGVGFVMHRDHGYGDGSGWADPHYTATEVNALTNNMAPFVFSLNCATGWFDGKDSFAESWMRNANGGAVGFTGAVRVSYSGYNDLMHAAILDSLWDDYDGNWSSDIYPVSWRPAMAVNRAKDRLFGHYGTQNNTAVLTSRFFSWFGDPELELRTERPSELTVTYPAQLQKTSQATFDVIVREGGDRLAKARVALVTTSGQSYVVTTDENGVAQFDMPVEGNMSLTVTEHNAKAYQGNIQVENDGLKANVGKDITVQAHQWVALDGTQSIIPKGSDVTYLWQQISGPKVRIDYANSRYAYAISPNDGSVVQFKLTITDKSGVSDSAIKTITVGVMDNNKAPIAVVQDILSSPNQWAALDGTESSDPDGNVVSYQWEQISGPKTEIAYPNTRYAYVLTPHIESSLTFKLTVTDNEGKTSSSNVTVTVKS
A0A517SUD8,A0A517SUD8_9BACT,Gingipain R1 (EC 3.4.22.37),Stieleria bergensis,rgpA SV7mr_22510,MFKAMLLGLSLTLFFPLEILAQEGKRPATVLLITARQLEDAWKPFAEWKTQHGKSTKIITIDEIDEQFQAESIQEKIRLCVRQHITQEGSKWVILGGDCQRDGNGLVPGGHTTVHRQEPNGIPTDIVYLSETNWDADGDGVYGEWKDDRQAIRYPDGTIGLGRIPVRTADDVAAFTDKVIAYESRYPTSDFARTMVYTCTDTPAYPKVRNSWDGYLSKAWKAGTVRRFFSAETPWDKPGDPGSYDLSPANLVSLINEGSTGKLHIHGHGHLPAWVLEGERFTAQHVAQLKNDGAYPLITTVSCNTGEFDSPQDPSIVEQMIRRRKGGSVAVVAPVRTGKAHFHSPSDFRFMVTQGKLDGTTQTMTRYWSNGLGDELTTGESMMKAKAQMATDAENSPGYHLCVCELNLLGDPTLDMRSQTPTTPILQGLNSFTAGPQMVQINTGAPNSKVCFWQEDKLYSIVDTDDKGIAQAQVNLAPGSLSIAIFGKSLNSVQKTIEVQPSGDA
A0A517VQ43,A0A517VQ43_9PLAN,Gingipain R1 (EC 3.4.22.37),Gimesia aquarii,rgpA V144x_04940,MLQKSNSSFIVAKRLILLTSVIISAGCGSSEVADRTVDEFQAYAATALPSFSESELKAFATAVDLNGDGIISNTEFTNRFIVLREFTANNSPQPDSPANPTEGPTNDLKSVSTVIPALTNSEQATVLLITANELAAAWKPFAEWKTQGGKATKIITVQKIKEDYEATNIQEKIRLCVRDHIDRQGTRWVVLGGDSLSGANGLIPGGHRTMHAQEPEGIPTDIVYLSKTNWDADGDGIYGEWDEDRKAISYPDGQIGLGRIPVRTADDVRAFTEKVIAYESRYPTNDFARQMIYTCTDSPAYPKVRKSWDSHVSKVWKEGEVNRFFSRETPWDKDDEPGSYDLSAENLVSLLNKKTTGKLHIHGHGHLPAWVLERSMFTAKHVGQLKNDGAYPLITTVSCNTGEYDSEDDPSIVESMIRQPNGGTVAIVAPIRTGKPHFHKPSDFRLMVLEGKLDGTTMTMTRYWSHGLGSGLTTGEALMKAKADMTADAVKTAGYHLCICELNLLGDPTLDMRAKSPRMPQIIAPKSVDQGKQTVNITTDAPGSTVCLWKGKEVYEVRAADAKGKATFDITTETTGTLLATVSGANLNRVTAQIQVK
A0A6N2YML2,A0A6N2YML2_PARDI,Gingipain R1 (EC 3.4.22.37),Parabacteroides distasonis,rgpA PDLFYP31_00112,MRRLIYIFIIGLLLCSYTWADGSRYASKSLLSEGKWVKIRVDKTGIYKLSYADLKNMGFSDPSKVSVHGYGGWPLDEDFSKEYIDDVPSTPVWRGSDYLLFYGKGPVKWEYDSSSQTFVHTNNPYSLYGYYFVTDATPTNDMTSVAQASGATNRITTYDDYLVHEQELVSLAKSGRELYGEDFSGATPRTLSTFSSIPGITNEDAKVTMSFVSKVTSGTGVASLSINQSNVLDVSIRSNREEYVKALEGVSTAVWKGEKSEKNSVVVSYNSASHNNVRLNYVRLHFKRTLQPYGAYTFFRSIASIGNVSRFVVQGANANTLVFDVTDAQRVRLMETELNGSELTFSIPAGTLREFVLVRTDQSFISPEVVGEVENQNLHALEQKDMIIIAAKAFQTQAERLAEEHRATDGLTVEVVDPQSIYNEFSSGAPDATAYRRFMKMFYDRSVSAGNAPKYLLLFGDGIYDNRGICSDVKNIARDNMLLTYQSRASLFEYSGLFYNSNFSYVTDDYYGLLDNVSEEALDKPNSICIGVGRFPVRTVTEATQMVDKVIGYMRNEDRGGWKNQITFVADDGNNADHYTSSHAEQADELARFIEENHGAFLTNKVYFDAFKRDNSGTYPDVRKRISELLKKGQLLINYTGHGNTTAWSDEYVWTQTDILQSTYTKLPIWVTATCDFTRFDDVNTSAGESVFLNAKSGGIALFTTTRVVVSSGNSALNKELYRNLFERESDGRARTLGEAMMETKRKLSGINKLNFILIGDPALRISYPEYKAQVTAVNGKAISDEPFTFKALEKITVEGEILDTKEGLANDFTGILNATVLDSKASLTTLGNNTNEKGDTVRFSYTDYPNTIYIGQDSVRQGKFSFTFMVPKDISYSNKQGKLNLYASDEVNKHEAQGSFLNYIVGGTADNAEADTIGPEIRQIYLNDSSFVEGDQVNTTPYFVARLWDKSGVNITGSSVGHDIMLTVDSMPSMSYNLNNYYALLPDKEGEGLVQFSIPEMEPGMHTAEFKVWDILNNSTTYTFTFEVAEGLKPNLIEMYATPNPARDQVEFFLHHNRPESNLKVTVMVYDMTGKFLWSTEKSGSSELFKAYIVTWNLTDNGGRRLRPGVYLYRAAISTNNSKEATKANKLIILAQ
A0A7Z0VPD9,A0A7Z0VPD9_9GAMM,Gingipain R1 (EC 3.4.22.37),Candidatus Thiodiazotropha endolucinida,rgpA CODIS_00100,MQQMSLNIAIGLAVGIFSNQVSAELARVADVSLIKPIAQLAPVEQKRQTEERRWIALDDSQKPGASAQIRTDERQSNTGQTVFDLTIPGFWMITKQGSDGKMYQKIEIPGMGSHNQLGSPDLPSYRFSLAVPYREGEVRMVGKPRDVHRFDDILVWPQPVPELDGEKETGTPEQFIMDEKVYALNSAWPASFAQESYRIGRALRGIPAIQGEAWPVQWNPATRELQVASRITYRVEHDGRVEEFEPITQERDLMASKTFLNWQYLEEIFVPNFRFYTADFLFIYPDSSYADELKPLVDQKKARGFKVTEMNVADDIGASTCNDIRNAINAWEVAIPGWRDAYTLLVGDTDTIPHCTSPGGDQTDDLYASTDGDDLNEEIYLGRLSIDSETDLANQVNKILTYEDSPSLFCCYDRVGLWAHKENAPGKYEGAHEAVRTFAYSDAPIFETFYGSQAGVTDSDVANRVDNGVGLMAYRGHGSKDATATSWNQTSQYFNGGDVNTLSNPLSRSPVVWSFACTNSKLDTSDAVAEEWMELANAGASSYYGATRTSYTSQNHVLDEWMFKAVFDEGLLTQSHAIERGEAQMAALSGSDNAWMYLLLGDPDMKIRTKNPYRFELKIPEMIEICKFCELPIQVFDIKGNPVSNALVGLWKPGSKDRPNQPGETWVNGYTDHNGYVSLPYSALTEGELFYSVEDEYGNAVFDRVQVVK
A0A0S2HZ20,A0A0S2HZ20_9BACT,Lys-gingipain (EC 3.4.22.47),Salinivirga cyanobacteriivorans,kgp_1 L21SP5_01593,MRFLLLVTMLVWTLSTSAQTIVQKFSFGKYTLKTQNEHSIFSIPGTRNMAAPGNPAQPYKLTNILLPPGAKVTNVHIKITKKQHIGLNHDLMPMQHVQPLSVSEKHGFIKNKSSYTKTKNLDIGESIIINQERMNGYDIAQIKFSPIEYYPVQKNIDLANELELIVEYKNSKNNNLSMRSARKRVNDRVINFCDHKAFAKAYKPKQKTSNSSIDAIIITPEAFVADFEPLILDYQLRGMASEVLTVENIQSAYSGTDLQEKIRNAIIDYYQNHDVMYVLLGGDVEHIPHRGFFCQVQSSTVYEDDDIPADLYYMALDGNWNTDGDSNWGEPDEDDLIPEIALSRLPFTTHEELGKMLNKINMYANQPVTGELNNPLLAGEHLYDNPLTWGAQYLDLIHGTHDDNGYTTTGIPDSHPFDSLYDRNASWSSGDIIDEINNGHPFIHHVGHSNSNYAMRLYNSDITNSNFSQVDGITHNFPLIYTHGCICGAFDDSDCIAEEMLQIDNFAVAFVGNSRYGWFNEGQTEGPSQHIHREFMNALYGDSIQSLAEAHMISKIETSGWVEAAGQHEPGALRWCFYDCNALGEPLLPIWTNDPRNIEVSVPGNVYVGESTITVNATENGQPAKNIAVVIKMADAFYGTGKTNEAGEAEITLAQPFSELGEIDIISSGYNVLKDTVQETLQRPQEGHLIVSEIDLDGEQQPIYGHAYTPNLLLENVGENASASTLLKVSTENSYVEISDTIVSLEPVNALQQTNIAEAFGLSICDTIPDQQPIELTFSFFQNDELTHTMQKTLISRAPVLNWQTAILNDEISGNANGIFDPGEIIKLIVQLENKGSIMPQNVMAHIENTGKNITILNDTVNYIPSGDETSVNIEFAIQASNEQSSGSSLSLVYSGAYDNFALPEMQFNCIVGQALEDFETGDFTKYNWVNDNSFPWEAITEETFEGNFSGCSPDLDHDQMSELSITMDVPEADSISFMYKVSCEDGSSYLWDYLEFSIDGTQIETWDGEIEWNRAAYPVDAGTHTFRWTYTKDGSVSSGDDCAWIDNIMFPIPGYTPPEDNLPPEIFADSEINITEGEAFIHTFDASDPENDPLTATLLLAPEWINMEVANTNEWNITGTAPTPMINLPDIVVAVGDGYQYAGKSFFFKTNPVGIEATQPAQDKIKIYPQPAADFAFIELQQKSGIQNIQIISAQGKTLVQKSLNSLQNKHRIDLQNMAPGVYLINFQTKNGENHNKKLIVK
A0A5C6AFP3,A0A5C6AFP3_9BACT,Lys-gingipain W83 (EC 3.4.22.47),Stieleria varia,kgp Pla52n_47560,MPHRSDPTTLAISNAWIAAIAMLAWAVSLVGTPCRAQDAEKMGEEPVVALVVCPPEFDAAIGPWIEHRQSDGIRVVKLPSQSTAEKLQASIREAADDQTRYVVLIGDAPAIGTPCDVQSQIPTGYSKSVVTAKWGSTPTLASDLSFGDLDGDGVPELCVGRLPVDDAGSLTKLVDRIIAYETCVDFGDWRNQVQLVGGVGGFGAFADSAIESVTRSVVTGVLPPETRTIVSYASEGHMFCPVGDSFTSAVVDRYCRGCRFWVYAGHGSVTRLDRFPRTAEGMPILDSMTVRQLQNKQGVAPIAMLLCCFTGAFDASEDSFAEQLLLHDGGAIAVLSGSRVTMPYGNATAAVSLIDGVYAQRLPRLGDAWLVTLRQIMKDDEANRSSIRVMMDGLATMISPAGTKLIDERSEHAQLYNLLGDPMLRLNPPQPVQIKAETGYQPGTPITIELTSPIDGRLTLSCHHPLGASSAEDPNETQVAVQHADVAAGLGQAFAITLPEKISGPMILRAHVSGVAGWASGAARTNVRQ
A0A379EYK1,A0A379EYK1_9BACT,Lys-gingipain W83 (EC 3.4.22.47),Prevotella pallens,kgp_1 NCTC13043_00258,MKRKKHFLAIAAIASIMALSTSAQNTPKSDTPFILKKVLPQAKKADTKFKEVKTFPLLNQMMIAQPKPSLLREPTDGNKLYAPKFGNSPLSVLPNLEMWANILSNNFVGVCWFNPTQNISFNPLAGYEKGYFNAGSGLAEDAEQLHGVYLDTTYSGWGIILVVHFAWDTRTWEMIGEPEVIRDYRVVATETANDPQTGEVFGQFYNADLTRREFGVIDYQTMTRTTIGQSAHQYVAMGITSDGEAYGVATDGNFYHINRTTGKETLKGSTGIQVARHDGNAYFQSGEIDPRTDEFYWASVDSTGLSMLYTVDLADGHLTQVGALGNTNVMALTIPAPKAADKAPAAVSALSYEFTGASLTGKIKFRAPDETFGGKSLNGTLDYSITSNKNEVATGTVQAGDMCEATVTLPEGINKIAVTVSNEIGRSPKKKQEAYIGFDTPLPAKNVRLNIDAANHATLNWTAPTKGVHNGYLGSLKYDIYKVVDGDTILIATDNEGTTYSENIPADLLKKYSYAVRAKNEKHQSILALSNGQTVGSAFRVPYFDDFLTEADAELYTIIDANHDGTTWKWLSGSTNCFFYKHSFINGDDWLITPSIHLKGGKNYKLSFRARAGLENYPERIEVKWGNGNAVSNMTNELLPPTNLTSIAYQPYSNTFSPTTDGDYNFGFHAISDAETYFLYMDSLFIESAETSRPAAVTEVKATPDPSGALKANFSFKTPTKTTNGTTLSAISKIEIRKGNYIVKTINNPATGITITATDDKATRGKNEYAIIAFNGDEPGERATVKVCVGIDKPDVPSVRVIDQTSSAKITWQHVKGANGGVIVPAEVRYDIYNVTDAGAVGEKIGSVQGGTEYLVNGLQNNEGVQDYKQWAVNANTSMGSSLYGVGAIVVGTPYMLPFHNSFKDLSLENQFFAIERPNKEISWDIVNDRTVDNDGGAIVFNPSKAGTAAIVTGKISLQGAASPKFLFDYYTQPGTKGSLAIELVKQDGTSINFWAHDLSTETTGTAKWNHVILDLPTELLSQDYFRIRIRGAATASLENTPIYVDNINVIDPLQKDAAITMTAVESVKKGQPINLDVRVTNAGLDNIRGSKLIVTANGKEVYKSSIDQDLLLMQQAKIPVAVKTTSLDQSQEMKLTATIEMENDLETNNNTASASVRLITAKLASPTDLKATAAGENKVKLTWKAPYIETNVVEDDFENYAAWSTTFGDWTTVDADNGYAGALSEKGTYPHQDEKFAFVNWQPSDVFGAGQGLAPHSGKRAAVSIYQFNKGGTEYVTANNWLISPLLSGKEQTIHFWVNNIKSETNGRETFDVLASSTGTDTLNFVKIGDTYVQESAKWTEISVKLPAGTRYFAIHQNTSKEQASIFMIDDASYETGNILSSYNVYCNKEFKGNTAETSFTDMVDNTDVIRDYSITAVYFDGSESAPVSIEVSNDIETINRNETIAYDVYSIEGILVCKKSENLRHLQPGIYIVNGRKCILK
A0A379F1A1,A0A379F1A1_9BACT,Lys-gingipain W83 (EC 3.4.22.47),Prevotella pallens,kgp_3 NCTC13043_01005,MKKRIYALILGGIFAFAGCPLTSIAQTASTAEPTTVTKGKPYKENWANTKVILKKKIWTVEDKNNDNNTWEDLDAGAPAYNGANATVNADDWLVSPPLHLIAGQTYALEAGAVVGGHSGTGQRMNIAYGTGDDPTTYNEIVPTTPISGTAFGTPTTIKTTFTPTETGDYRIGFHAVSDRPGYIIMRPVKVEEAAETSGTPIAISDLKLETGQNGEQMVKVSFTTPTKDIMGRDLTSITSATIYRDGSVTPIYKIDNPGIGQSIEWTDNNVAIGQHSYEVYTYVGDLKSAKAEAKIYVGSELVPGKVKNVIAYDNLNGTITLKWDPVKVGANGGYIDPTTIKYGIFEGIYETPIAEDITGTEVTIKDIPTNGTQGSKFYQIVAYTDTEHVGDGGFADPFFYGTPYDFPFHESWPYGTWEKGPWSASYNDTKKHFKISRDISADDDEGSLLFTPERSGDAATIVGPKMDLGKAKNPRISFQFYAYPGSKSKLQVFLDVNGQYRKLASEIDYSTLTGNVGWRTVNVDCADAAFKKENGYGRVLIHAISDGENIIVDDVNVNDAINYNVITNINTPLHAQGGEQAEIVVHVRNIGLKDAEGFQVKLHSNNGTEIATESGTIAPGETQEYTFHYVVPFDNKEFQVWAESDWAADENQTNNISEKKTIKVVTAPYPAINNLKASKNADKVKLEWTAPVVENCVITESFETYAPFLIDEINPWTLYDADKCRTNTFGGITFPGNGLPFAYTVFNCDGTTHGMDDATTQMFKERFNGHNSAQSMMSFGNVGDATSGNNDWIISPELSGKAQTISFFTKAPQCDYANYGPEDFYVAYSTSGKDVNDFKKIYTDNAADNINWKKISVNLPEGTKYFAIVHTSTVPQSSYGFEPAGLLIDDITYESAPLQIIGYNIYRNNKLIANNNNANEVTAFDTDGTDSDNYYVITLYNVGNSSPSNVASITPTAINNISLENSTEKTTSIYTTSGVRVGNNISILPAGLYIVKQGNKIHKVIVK
A0A379F1F5,A0A379F1F5_9BACT,Lys-gingipain W83 (EC 3.4.22.47),Prevotella pallens,kgp_4 NCTC13043_01072,MKQKSTFLLGTLLSLLISLPTNAQPEPQSVLQIRSGNLLPSEFTSAKKVVSNNILSVFKAKMPKTQEKSTMQTNHKRNTQHLLVNPKQCIWGNVVTDNLLGVYSFFPTQSIDFTELAPFKKGLLNGGCGIVDDELHCIYVDDTYAAYGVLGVTHYAFNTDTWELIEQSLQPKSWNVIATETAIDPKTGEVFGEFYSANLKSLEWGVIDYRTLTRTTIAKAEHSYIALGITNDGRAFGVADDGNLYQIDRTTGVETLKGSTGINVKDEAENHFYQTGEIDPNTNEFYWAAKTANGNCTLYTVDLNDGHVTAVGSMEKATVLGMVIPMPKAAAAAPNVATDLQTQFNGASTTGYISFKAPETQFDGTTLATNKPLSYTITANNKQVATGTVLPGQVAQTSIQVEEGMNHFIIVTTNEGGKSPKAKYEKYIGNDEPLPLDYVDLKIDDTRKATVSWDKPTQGLHQGYIGNLTYNVYRFSSTDTIKVASNLTATTFTETLPETTRTGYAYGVQAVNTTQCSKITVSEYKVTGNVFDTPYFDDFRNKNDALIYTIVDGNDDGFTWRWYDDEEKGRAFRYSYSRNNAGDDWLMSPPIKLKAGKTYKISFRASNAEEEYKERLEVKMGNAPTAQAMTTNVISPIELTDPQYHEFSAQVTPQSDGDYYIGFHAISDAKKSFIYLGEMGVEPIPTTNAPAAVENMNVIANPTGALKAAITFKAPTKAIDGNQLTAIKKIELRNGTKILKTFVAPTPGAELKLIDENPTQGINNYIAIAFNENGNGTSVTRRAYIGKDLPAEPIVKAIDQGTSVKLTWEPAKGAHGGVVEPSKVDYDIYDVNQNGLGNHIAIAKNGLTEYTVEGINTKTGAQRYRKWAIAANYNGLSSEFATASIILGVPYTLPYRNSFRNATFEQQLFQTTSSNDKVLWRLTSNESSDDDGGCLFFKPRAAGTSTITTGKIDMRGTTQPKLGFSYNAKAQTPVRLEITFEKMDGTVTDPVWIHDFASDTKVGKWITEIVDLPETLTTQDYILMHVKAIAADASPNIVYLDNISISDPLQCDGAIELSAPTSVNKGQTVNLKVKVSNLGLDKIDHAAVKVSLNNKVIHQSDITKSLSLLQDFVIPISYATTILDPSEQHSIKAELTVANDMQTANNTDLANIILEKANVLPPTNLTSKTDKVGTVELLWNKPETTKETIRENFESYEAWQTDFGKWTTFDADKGYAIPLSAQVSYPHQGEQFAFINWKPDDYFRGTKDIAPHSGRKAAVAMYQQNAEGNVIGADNWLISQPLSEEEQTISFWVNNAQGNSQTTETFEVLASPTDNKPASFSKIDTYKQESAVWNEITTQLPSGTRYFAIRHTTPASQGLVFMIDDITFDASNGPAAYNIYRNDSLIVSTTSPSFTDDKLKPGTTHSYKVTAVYPDGSESEPISVTATTNIHDIVGNVNLSYDVYTVDGKLVAKGLHNLNTLPKGMYIINGKTIIIQ
A0A0S2I604,A0A0S2I604_9BACT,Gingipain R2 (EC 3.4.22.37),Salinivirga cyanobacteriivorans,rgpB_2 L21SP5_03811,MNYKLLLTIVGFVFSLQLIADNLTQTLNFTQPQFKAKNNYTEIIYPNCHNFGPEGAPNMPHFAAEILLPPGHELLSVEIESVEYYSGSKNLKVAPAGRQFPLSQKPEKPYVIKANPEIYNQKGVYPGQPVANITTQFIAGHAIGGFTFCPVEYSPNQSVAQFVKSVTLKIITEPTDAAQKSLEFLKERTRAKQRITARVLNSSSINQYTYNKSQRTSDVDILLITNETLLPGFEDYITYKTNTGFIVETQMVNDIYTAYSGTDNPEKIRNCIIDYYQNNNLKYVVLGGDADGSGADNIVPTRGMVGNAYGMADDFIPADIYYSGLDGTWDSDGDGIYGETDEEDLLAEVHVGRIAADEVAELEKFMNKIIMYQDQPVVEDLEKALMLGELLWDDPTYGGDYKDEVADGASTHGYTSTGFSDNFQINRLYQRDESWSHQDVYDEFSTNGLNLLNHLGHCNVTYHMTMDNSDITTSNFQNDGITRGFVIDYSQGCYCGSFDNRGSDGIYGTEDCFAEEFTNFENGAVACIMNSRYGWGQHSSTDGASQYYDRQFFDAIFGEDISIIGEANSDSKSDNIALINSHQGAMRWCAYELTLFGDPSMDIWTAQPTDMVVNYNAAINFGSSQFSVQTDAPFARIALIQNNALIGRAVADENGDAIVQLFNPVTTPEQITISVIAHNKNRHEGSIVVLTDAPYVGLDSYTLDDTPDYGSVLAMNVKMKNFAEAGSGYNANGVMVKLRTEDNYITITDSVYDLGNLNAGDSISLDAAFAFEIADSVEDQHTVNFEIFATGNDKENYEWTSYASLKINAPQLIVGDLTIDDSANGNNDGIVDPGETAVLKVETINSGHAGLNDVNAEFNFLDGSEYLTFTDAAFIIGAISSGDTALATFEVTAEQNTPLGTSVNLEYYVSGAQNGQYNTSENKEVIIGFVPEYCESGATNDGDSEIDEVAFGDVVNNTAGECSTYVDFTEDESLTDEFMIGQTFDISVTLGTCGGDYSKSAKVYIDWNYDGDFDDEGEMVFETPVTEGTAAYTETISVPANTLQGQKFMRVVAQEGSGDIDPCGTFSWGETEDYKIYLIPPAPPVANFEANPLETTQGDIVAFTDLTENAPNQWEWDITPGEAGVDFEFVNGTTGANQNPQVQFHTIGTYSVELTASNSEGSDTELKSDYIVINEITEVPQANFIIDQDVLEPGQVVQFTDLSTNTPTAWVWSIYPGTEGTEFNYVEGTTANSMNPKVQFNTPGFYNIELIASNVIGASEPFTQNDAVEVLSVFVMGNGTATACSGVFYDDGGAEENYSDDANYSMTFYPTEAGQMLHFNFSEFSVEDISGGGCYDELSVYDGEDTNAPLIGTFCDNNPAEIITASNTSGALTFVFESDGYVTQSGWVAEFSCVSEARTVTFSVTDSSGPIQGAEIFVADNTLITDASGEASISLSDGTYDFVVTLDDMSSFEDSFTVAGEDLAIEVMAPFPLTYMVTFHVTADGVPMEGATVTCPAGTMSTNQNGDAAAQMTVGTHNYTVSLQGYPDAEGTVEITDGPKTVNVDMLGLSELSVENIEIYPNPNKGVFLIRVDGTFILDVLNAMGKVVHSTQIINESTINLEDAGSGLYFIRLHNEKTLGIKRLIISK
A0A518BS16,A0A518BS16_9BACT,Gingipain R2 (EC 3.4.22.37),Engelhardtia mirabilis,rgpB_2 Pla133_48940,MNTRAFLTFSAPLALAGAAAAQQTWVPLVAGVPAGKPAELRFVPGASNTFSTTLELEIFGYWSEPVVGPDNVAYRRLTFPGMGELGQTGAPELPAMRTRLAVATDVMDTTLLGVSVAPGDQQSFSMTLYPEPIPALDGGDPGPGDPNGSPEVFQKDAAIYATNASFPTLDGTPIAPVRKTFGAIPTSLVELFPVDYNPVAKKLVVNRLTTYSFRHEGTPVVAPPLTLDKLALAEASCPNWPTAAPWIQGNSTSYDGRYLIVTPEAYLDALETFIQYRKSTGYAVTVITLESLPFVTCGEIRGAIDTWYQAGAANFDHYCLLVGDVDVIPFCPSATPGLIDGDDRYGSPGGIGDLDEEVFVGRLSVDNAAGVTHQTTKIIDYETDATATHDYGDVVLVAHKEDAPGKYVGAQEEVANAAYVVQPSFVKRYGSVFGVDNTDVLADIDMNVGLVAYRGHGSTNTWSGWNLTGENFHKDSIGPLTNSQRPVVWSFSCTNANLNWSDCIAETWLEASDGAVAHYGSTVASGTSKNHTLDKKMFEAVFTHGLTTHGQAIAWAEDQMELLHPNSTWQNAWMYLLLGDPAMKVRRNKPKQLDLVLPPVVPVCPIGSPCFLTVQVVDGGGNPLPGVLVTAYKESFPPGGPDEIFFTGYTGTGGTTVVPGPTELGSINVTGRDDDGNVVTEVTAVESGAFTSLGNSLPGGFGAAALTSTSTLDAGTPVTLSLSHAAPNSPGLMAVGFVDSAVPLFGGIVHPLPSALDVPVTTNFQGEWTYDIPLWPGGLPPGLKLYWQVGMLDFGAVQDVALSNALRSTQP
A0A518BGK2,A0A518BGK2_9BACT,Gingipain R2 (EC 3.4.22.37),Engelhardtia mirabilis,rgpB_1 Pla133_11830,MSFTLDRLARSLPPSVRAASVLAALATPTLAQTWVPLSADGPQQPGLPAQVVLDAAQSTAALTTINVTIFGFWRENVTGEDGKVYQRLTFPGLEHIEQVGAPDLPAVRVNIAGGSSLGQLKLTGVNVLDTVAFEGLLPLPTFVPGEDEDYDPTADPGPGDTKGSDPQWAFDSAIYGGNQAWPLVSAEPSPVATKMLGPIKGATATAYPVTYNPGFGLVTVKRSFSFTYKSVGTGQPLTVTKLHDKQAQAHFINWQSSKTFWPLNPVQYHSRYLIVAQSMWWDTLTPFVNHKKAQGFQVSMVQVAPDVDAIRTTIANWYNLGDPGMDHYCLLIGDTNWVPSVLIFEPGVAVYSDDPYGCVGPLDTSKEVYVGRISADNEDSLGWQLDKIMEYELSPPAGDYSKAVLVSHKEEAPGKYTGSHIKVRDASYSQPPHFVTLFGESGVDNQDVIDAFNGGAGVVAYRGHGSTTTWSKWNNFGESLHKNDIGPSMVSPMNPVVWAITCTNSNIRWSEDTDDDCINEVWMEASEGGVAAYGATQTTSTTPNHKLNEELFRMVFDKGITTHAKAIELAEQSIWATWPGHKNPWAYMLLGDPSMTIRRGLVLNLGLLNVPSKIILGQQGPQGEQFLSLKGTTVADGFNDDGLVSAYKASFLAGAPDEVLGAWWLDGLGNVSVPVPITTPGTLYLTIRDGNGNMTRKEVVVEMGTAWKDLGKGMNGEFGKPTLVGVGDLVGGQPWSLLMTDARPGAPTFLGISTGILNLEFLGGLLIPDVATAGVIVPLSIDEYGDCVFGGNWVAGVPSGAKFYFQHWVLDASGPFGVVSSNGLRATAP
A0A0S2I4D9,A0A0S2I4D9_9BACT,Lys-gingipain W83 (EC 3.4.22.47),Salinivirga cyanobacteriivorans,kgp_2 L21SP5_03511,MRRILLSILAMAIMATAWAANGEKLVFKKSDNQLKVEKITQTGFNFELSVAEAMVKAKENKHGDFFMLHSKGFTKSFDIGNPNLPTKTKLIEVPFGAEVKIKVLSQKTEVISLDERGFEGNLYPCQPSVAKCDEGKEQEFKFNKKTYARDAFYSNDIVVYEESGVMRGTRLGTIAINPFSYNPVTNELKVVTDLEVEIIFEGADMAKTEEMQEIYGNSVFSSLLSKTMNHKVEGKPLNQNEPVKMIVIADRMFETSLQPFVEWKNMSGVITTVRYTDEPEVGNTTTSIQSFLQGLYDGATTEDPAPSFLLLVGDIGQIPAFSGESGSHVSDLYYTCYDGPSDMIPDINHGRFSAQTTDQLDAIIEKTLMYEKYEMADPSYLDQTLLVAGDDESWEDVYGNGAMWYVDNYYFNAEHGINNHLFLQDPPNGNAAVHDSIIANVNAGIAWGNYTAHCNSSGWGTPSFTTSDVPSLTNDGKYGVLIGNCCLSNKFDDNECFGEALLRTANKGAIGYMGGSNSTYWDEDYWWAVGNGSPVEEPQYADFGNGNYDLMFHENGADQPYADWAITTGQVNIAGNLAVEESSSSRKLYYWEIYHLMGDPSLVPYAGVPDPITPNYQSTIFVGVGTLSITGLPEYARVALSDGGTLITTAVADASGSLTLEFDPFTTPTTADLVITGQFHQPYIGTLDVVPGTEPFVVLNEYTVNGSTAYGEAVTLDVNMKNVAEAGSGYDAANVDVTLSTEDSYVTISDNNETYGTINAGDSTTIADAFALTFADDIPDQHSILFTVTATGDDAKYTWESTFNIVVNAPVLSVGVLNIDDTGSGNGDNILDPGETANLVLTINNNGAADIDNVNSAFTINSGSEYLTFTDNTAAVGAIAAGANTTATYEVTADAATPLGTPVDLTNNVTGGASDQYTASGDKQVIIGFVPEYCESGATSSSDSDLTNFEFGDLANNTDGDCGQYDDFTEEPELIHEFMIGATYDVSITLGTCGGTYTKGAAVFVDWNYDGDFDDEGETAFEVAAQDNDWTATGTITIPADAPAGQKFLRVIVQETSGDISPCGTFSWGGTEDYKIILVAPNPPVADFEATPTETTAGMNVAFTDLTTNAPTSWDWTIAPGTAGTDFEFVEGTDNTSRNPVVQFNTANSYTVELTATNLVDSDTETKTDYITINEVTDVPVADFTADVTDIYPGEVVHFTDMSTNTPTGWQWTVTPGTEGTEFEYVESTSSTSQNPAIQFNTPGYYTIELVATNEIGDSDPYSVTDMINVLPVFYMQDGSATTCNGVFFDTGGPDGDYSSDENLTFTIYPAETGKVSRVDFVAFETEGGYDYLTIYDGEDATATQIGSYDDVNDGLSVQATNAAGALTFVFDSDGSVTDPGWEANISCVTPGNYLATFTVTDADSNPIEGATVNINSTDITTGVNGVATIDLADGTYDYTVSATGYYDATGSITVSGADVAEEVALDMEMYMVTFEVTADGEAAEGATITCPGMDPMTTDVDGHASMEMQTGTHEYTVTMDGYPDATGTFDVVDGPVTVPVNMVGINGISTANLKLYPNPNKGTFHIEVNGTYNITVMNAIGRTIHTEKVNGQATIDMDNASEGIYFIKLQDGNKVETQRFIISR
A0A379F2G7,A0A379F2G7_9BACT,Lys-gingipain W83 (EC 3.4.22.47),Prevotella pallens,kgp_5 NCTC13043_01437,MKKVFTSIILLVLSLSVPPTSMAQKAHKLMKPNRTQTEQLTSITPVKESIVLKTPNRGLRTIDSSVILWGNATINEMWGYYSFQPKNTAGTISFTQLGSQSQRIARNGVQIADGKLYTVDFERYGPSNGDLTLYTYDISTWKGNGQKYNDFSLAAIETAQAKDGTVYGEFYNSSASNKQYELGTVDYRTRTRTTFGTTTRRYVAMGITSDNKLYGIASDGILYKISITDGSETSIGSTGLILTDEDGGPYQQTGEIDPKDNTFYWYAQDKDYNTALYVVNLATGAATKIADSEITMYGMVIAPTPANINAPAVVSNLSAVFSGTSLNGVINFILPNKTVKGDALNGNVDYVVTANGKQLFNGTEQSGSSISKSVQLPCSGEYNFNVTVSNAKGESPMATLKQWIGFDEPERVGNPTAKLENGIVTIKWSAPTTGTHQGTLGALTYDVIRIQGRDTTNVATGITNTICTDDLSGAEHASYTYAIRAISGDVKGLRWTNTTPIIAGSAIEPDWNYKFEGQSALSMFKIIDANNDKATWWCNGFPGYGAMSHQTNVKKNSDDWLITPAIHLSSDRVYTVAFKVRNVMAEPKNTLEVKWGKGSNVEQLSNVLLETFTPEFSETNGQWQVCTADIIPDATGNVYIGFHDNTSVTDKYQIAIDSITVTKTAYATAPDSVKSLTITPAPKGALQATISFITPKVRINGSALARIDSFVVNRDGINIARINAAAIGTRMEWIDQNVPTNGFHTYTIIPYLDGHPGRKSTNKNLIGIDRPHNPTGITFTDQGTTLKAFWNVFQTVGANGGYLNPKDVSVTFYTLTKGDFGFELGDSLTTSKPGETSTILPFDPNKTTMDDGKTQTLAWFGVKANNSTGESDCVTARGIVVGPCISLPFKESMSNGQLDNGFASLLGNEQYNSRKTAAAWRVVTDAASDNDGGSFVWANYTEEYAGNDVNFTIQQGDETSVNLPKVALAGATNPKLFFDLYSLIGNESTLKVLIQTPDGKDHVAAQYDLSKTTQNGWTKQSVDLAPFAKERYIIVKFEGVAQGSKVMIGIDNINIINQLERNLTAVSIETPENIVAGKKGQVKVVVKNQGAVDATRYFVILYANGNQCDAVSRTKQLPSMANDTINLKLPVAINESATSLQVKAMVIYDGDMLINDNETETKAVSVIQSPYGRINDLKAEMGGEHKVVLTWGQPILPEPIRIYDGFENYSPFAKNMSPWTMIDGDKGLTGALQPSSTYPGQGEPFAFTAFNPNWWIEDMTNVNPGLAPHNGNQYAAAVYALNENQKLVEQNNWLISPRLSGRKQEITFYVMNVATRPGDTKYAESFDVLYSTESTDTASFVKIKSEQADGTIAFNEGANWKRITIEVPEGAKYFAIHHNTPKGKAYIFGIDDISYEQVATGADDDITEYIIYRDGKKIASVKGSQHTYTNNRVTGEHIYNVTAIYTAKTGEINESGFSNDASINTTSIETIENEPQTFDVTTLNGVKVRTNTKNYNNLQRGVYIINGKKRVVK
A0A0S2I4V2,A0A0S2I4V2_9BACT,Gingipain R2 (EC 3.4.22.37),Salinivirga cyanobacteriivorans,rgpB_1 L21SP5_03766,MRQILLSLLLVTFLISQASAKNQQWQKLDKQAKNNQTQIKLIQSDPNHIRLAFDFNAYKIKDVHTPRGASKLIEIPECTRTKTKGAPDVPKISQALAIPDNAHMELKIIKSRFVEIDNFEMAPSKGIMSRDKKTSDYPYVYGDEYKQNAFFPEKLSKAQKPYIIRNVRGQSIVVYPVQYNPVTKKVRIYTDLVVDLVATGTAKNNALSANPNIKNHYCPIKARN
A0A0S2HW98,A0A0S2HW98_9BACT,Gingipain R1 (EC 3.4.22.37),Salinivirga cyanobacteriivorans,rgpA_1 L21SP5_00585,MLRTSLLLRSILILVFSVIGLGQLNAQNLEVLSENGNTQNEFTLTNSSEKTIEFNFQLNSYWMSEVQTPNGAENIIKAMGSSRMLEAGAPDLPKFSTTMIIPDLANMDVKIVDSKYIEIENVDVAPSKGNLLRNQDPDKVPFKYGDVYKKDEFFPHNIATLQKPFIARDFRGEALWLYPVQYNPVQKTLRIYTSIELEVFSTDGEAQNAFYRKQANKKISREFHEIYKRQFINYEAAKYDPVTEEGNMLVICYDDWTAEMQPFVDWKKTIGRPTEMVTVTEAGGTAAAIATYVENYYNTNGLAYLLLVGDAAQVPTNSGAGLGGDSDNAYAYLAGDDHYLEFFVGRFSAESAADVTTQVERILTYEDGNTLSAGWLNRTMGITSQEGTGDDDEYDYEHYLNLALDLTGFTYVESLELFDGDQGGNDEPGNPTPTMVANELNSGVGIINYTGHGSSTTWVSSGFSNSDVNNLTNDNMLPFIWSVACVNGAFDGQTCFAESWMRATNGEAPSGAIGIFASTINQSWAPPMAGQDEMVDILVESYADNIKRTYGGLSVNGCHLMNDEYEDFAMTDTWTIFGDPSLLVRTDDPADMTISHNPALLIGQESFTVNCDAEDALVSLTIDGEIISTATVAGGVATLSFPAPTTPGIMTVAVTGFNKKTYIGEVEITPANEPYVILNSNAVDDAAGNGNGEADYGEAILLDVVLENVAEAGSGYDAANVEAVLSTEDSYVTVTENTETFGTIAAGNTVSASGAYAITFADDIPDQHAAAFTLTVTGDDAKYTWESTFTIVVNAPALTVGVLNIDDTGSGNGDNILDPGETANLVLTINNNGAADIDNVNSAFTINSGSEYLTFTDNTAAVGAIAAGANTTATYEVTADAATPLGTPVDLTNNVTGGASDQYTASGDKQVIIGFVPEYCESGATSSSDTDLTNFEFGDLANNTDGDCGQYDDFTEEPELIHEFMIGATYDVSITLGTCGGTYTKGAAVFVDWNYDGDFDDEGETAFEVAAQDNDWTATGTITIPADAPAGQKFLRVIVQETSGDISPCGTFSWGGTEDYKIILVAPNPPVADFEATPTETTAGMNVAFTDLTTNAPTSWDWTIAPGTAGTDFEFVEGTDNTSRNPVVQFNTANSYTVELTATNLVDSDTETKTDYITINEVTDVPVADFTADVTDIYPGEVVHFTDMSTNTPTGWQWTVTPGTEGTEFEYVESTSSTSQNPAIQFNTPGYYTIELVATNEIGDSDPYSVTDMINVLPVFYMQDGSATTCNGVFFDTGGPDGDYSSDENLTFTIYPAETGKVSRVDFVAFETEGGYDYLTIYDGEDATATQIGSYDDVNDGLSVQATNAAGALTFVFDSDGSVTDPGWEANISCVTPGNYLAIFTVTDADSNPIEGATVNINSTDITTGVNGVATIDLADGTYDYTVSATGYYDATGSITVSGADVAEEVALDMEMYMVTFEVTADGAAAEGATITCPGMDPMTTDVDGHASLEMQTGTHEYTVTMDGYPDATGTFDVVDGPVTVPVNMVGINGIATANLKLYPNPNKGTFHIEVNGTYNITIMNAIGRTIHTEKVNGQATIDMDNASEGIYFIKLQDGNKVETQRFIISR
A0A0S2HZ61,A0A0S2HZ61_9BACT,Gingipain R1 (EC 3.4.22.37),Salinivirga cyanobacteriivorans,rgpA_2 L21SP5_01696,MRNFFLKTTLMVSFLTLCALFLQGQKFEYADGWGKQGLTIEQQKIDGITFNYSIKKFAFTDQQIKGEVLKVVQLPGNMLPNDAGMPNLPGESKMVAIPLGAKPKLKVTDFKVETIENVAIAPAPVIPLDTDEKPMVYEKNEKVYSADRFYPADPFQISESIKIRGVNAITLGITPFQYNPVTKVLKIYRDIKLEIAFEGGNGKLSEAKYRSRYWESILQQNIINYNALPKIDFAKQNTPSKDGEADYVILTIDDPDFIAKANEIAEFRRKQGISSMVITTTDVGGNTVTAIEDWVDNAYNNWTNPPEAFLLLGDYSTGSDGIISHLYEHPASGWGYPDFASDNRYADVDGDELPDIVFARITAENTDQLNTMVSKFMDYEQNPPTDAGFYDNPITALGWQTERWFQICSEVVGGFWNNELGKNTVRINAVYEGSPASDPWSTATNTETVMNYFGPNGLNYLPETPGELGAWTGGTAGDVANAINNGAFMLQHRDHGAYYGWGEPAFQTGNISSLTNVDNKLPFIFSINCQTGAYHNPEEDPTFTEALHRYTYNGQNSGALGLIAATEVSYSFVNDVYVWGLFDNMWPNFMPDETAEFPAGFVYPAFGNTAGKYFLEQSSWPYNTDNKQVTHRLFHHHGDAYLNVYTEVPQELTVNTPDSHVFGSSTIDISADEGATIAVTYFNENTQQTDILGTAISTGGTTTINLSEVPNPGTEMLITITKQNYFRHTSTVTVIAPSGPYDVVDSFTINDGENNAADFGETFNLDISIKNVGVDLSENVEVTLTTEDTNVISLTNASNVSYGDIQPDSIETSNGSFTVELGNNIPDETTISFDAVITDAATKSTYEGSLSFKVNAPVITIGTMIIDDAAGNGDAILDPGETADIVIPVTNIGHADVTNVIGNITSSSTNITINSATTSPVELTTEGTENLIFNVTADAATPDGTPVNIDFNVDAGAEGQYAATETKSLVIGFVPEYCDAGSDGQSDEHISRVQFVDIDNTSGASSYTDYTDMSTDVFVNESYPITITNGEHWSGDEMGCWVDWNYDGDFDDANENISINYSDPDGTGTITIPADVHIGMLTMRVRVKYSSGDLTPCGNTSYGEVEDYTINVISPNIYAGEASANPLEICSSGTTTLNITGWIGDSLQWQQSENGTTWTDITDATTESYTTTTFTESRYFRAEIYAEGENPVTTDVLFVEIFETPVAGTATSNTNEICGGESVELSLEGSTGNIQWQSSTDEANWTNINGAVTTPYTTTALTGDIYFRAQVSNGVCTAVNSNSSFVTVNESPDGGTVTAENTAICEGEATIISLAGHVGTIQWQKSTDQESWTDITDATSETYTTEALTEDTYYQAVLSTASCGTATSNTVMIDTYAPLAAGSAESNTNEICAGETVDLNLSGYSGNIQWQKSDDGSSWLNIYGATDETYSSNALSSDRYFRARVSNAGCGEVYSNELLITVNPLAETGTITSDETSVCEGSTITLNTSDYLGTMQWQVSDDNTEWTNLDGATADNYTSEVLTTSCFFRLMATNGCGDVYSEPLEISVFANPISAFTYETDSLDIILTNESENADGYTWDFGDGAGTSTATNPVYTYAAAGNYTVALSASNGICPDSQWSEEVNISGTGIDDLAKLGIEIFPNPTNGIFNVTVEAKATITIMNNTGKIVHQELINNTTTEVDIKSLPDGYYIIRFLTGDQMAYKKIIKQ
A0A379EZ29,A0A379EZ29_9BACT,Lys-gingipain W83 (EC 3.4.22.47),Prevotella pallens,kgp_2 NCTC13043_00514,MKQYKLFVFTTVYLCILQTSLLSAQQRITMQNAVKTKLPTVMSVKTNRKVLTKTDTENNSRYVQNFDDKAAFETFMVVNKNNDECTWTYDSRVKAARYNNSKTLAADDWLLSPNIKLDNKHAYMLNFKYRAGFWSYTETFEVGIGTEIDTENYKIIVPRIETAVDSFQNNETEFTVNEDGDYRIGVHAMSKADQYYLFIDDISISEKALLAAPAATSIIHIKPGQQGTLTTDISFTTPTKAYDGSRIESLTKVEIYRNAKLITTFENPSPNVQLHYTDNSPTQGINQYSIIAYNNVGKGLAAVKETFVGIDIPAPPKDIILKESDNRITLAWKTPTEGAHNGYFDASTLSYNVYTKEGVILEKGIKHSEFIDKNIELKGAQKLLCYGVSAVTAGGESLISQSNPIIIGDSYTIPFHESFAMGKPTEEHFFWGEQNGENGFVFSTTHSYDDEYGCLEYLPKRKGDSASFNTGKIDVRNVRNPALMFTYFCYPGHKIKLKVIATSPQRTDTLAIYNYAAVGETKEWKKKVLLLDKFKNDDYVILKFLAESYNTAIPVYIDDINVINYLEYNVKAELRLVSEARVGKETMIGVKVTNMGSQPTKGMVATLYVEGEKYDEHECFDLPVNLGSMEFFYYEPKITDPETLHIYAVVSYSNDQDLTDNTTIVGTMKVKFPNFPRVVNLNGQLLSTNKAHLWWTKPIEAEGGKKEEDFENYEPWLTDKYGFWTTLDGDEGTTYGIRGLEFEHKTEPMAFMVFNPEELGVNVDEYPQFKPASGKQFLIAMSAQSSSTRKGHNDDWLISPKLSGEAQTISFKAKNIDIQYPEKFEIRYSVTDKDTAHFVLLTTIDKPLKDWTQFQMALPKGTRYFAIHSIATDSYALMIDDIEYEMAPIDIIAYNIYMDKNKIGNTAGISMFEQSNVPIGLHSFQVSAVYDVGESALSNVINLDIPTTIVNDIQKSNISIETTHRQISIKAMPGDSVFIYTLDGHIFYSGYISNTNTEMSIPKGVYIIRVGNQFSQKIVID
A0A0E2LSY8,A0A0E2LSY8_PORGN,gingipain K (EC 3.4.22.47),Porphyromonas gingivalis F0570,HMPREF1555_00241,MRKLLLLIAASLLGVGLYAQSAKIKLDAPTTRTTCTNNSFKQFDASFSFNEVELTKVETKGGTFASVSIPGAFPTGEVGSPEVPAVRKLIAVPVGATPVVRVKSFTEQVYSLNQYGSEKLMPHQPSMSKSDDPEKVPFVYNAAAYARKGFVGQELTQVEMLGTMRGVRIAALTINPVQYDVVANQLKVRNNIEIEVSFQGADEVATQRLYDASFSPYFETAYKQLFNRDVYTDHGDLYNTPVRMLVVAGAKFKEALKPWLTWKAQKGFYLDVHYTDEAEVGTTNASIKAFIHKKYNDGLAASAAPVFLALVGDTDVISGEKGKKTKKVTDLYYSAVDGDYFPEMYTFRMSASSPEELTNIIDKVLMYEKATMPDKSYLEKVLLIAGADYSWNSQVGQPTIKYGMQYYYNQEHGYTDVYNYLKAPYTGCYSHLNTGVSFANYTAHGSETAWADPLLTTSQLKALTNKDKYFLAIGNCCITAQFDYVQPCFGEVITRVKEKGAYAYIGSSPNSYWGEDYYWSVGANAVFGVQPTFEGTSMGSYDATFLEDSYNTVNSIMWAGNLAATHAGNIGNITHIGAHYYWEAYHVLGDGSVMPYRAMPKTNTYTLPASLPQNQASYSIQASAGSYVAISKDGVLYGTGVANASGVATVNMTKQITENGNYDVVITRSNYLPVIKQIQAGEPSPYQPVSNLTATTQGQKVTLKWEAPSAKKA
A0A0A2FA77,A0A0A2FA77_9PORP,gingipain K (EC 3.4.22.47),Porphyromonas gulae,HR08_06235,MRKLLLLIAASLLGVGLYAQNAKIKLDAPTTRAMCTNSSFKQFDASFSFNEVELKRVETKGGTFASVSIPGTFPTGEFGAPEVPAVRKLIAVPVGATPIVRVKNFTEQVYSLNQYGSEKLMPHQPSMSKSDDPEKVPFVYNAAAYARKGFVGQELTQVEVLGTMRGVRVAALTINPVQYDAAANQLKVRNNIEIEVSFQGADEVATQRLYDASYSPYFETAYKQLFNKDVYTDHPDLYKTPARMLVVAGAKFKEALKPWLTWKAQKGFYLDVHYTDEAEVGTTNASIKAFIHKKYNDGLAANAAPVFLALIGDTDVISGEKGKKTKEVTDLYYSAVDGDYFPEMYSFRMSASSGEELKNIIDKVLMYEKATMPDKSYLEKVLLIAGADYNWNPKVGQQTIKYGMQYYFNQEHGYTDVYSYLKAPYTGCYSHLNTGVSFVNYTAHGSETSWADPSLTTSQLKALTNKDKYFLAIGNCCITAQFDYPQPCFGEVITRVKEKGAYAYIGSSPSSYWGEDYYWSVGANAVFGVQPTYEGTTMGSYDATFLEDSYNTVNSIMWAGNLAATHAGNIGNITHIGAHYYWEAYHVLGDGSVMPYRAMPKTNTYTLPASLPQNQATYSIQASAGSYVAISKDGVLYGTGVANASGVATVNMTKLITENGNYDVVITRSNYLPVIKQVQAGEPSPYEPVSNLSATVEGQKVTLKWEAPAAGNRAEV
A0AAE9XKN3,A0AAE9XKN3_PORGN,gingipain K (EC 3.4.22.47),Porphyromonas gingivalis (Bacteroides gingivalis),NY151_01430,MRKLLLLIAASLLGVGLYAQSAKIKLDAPTTRTTCTNNSFKQFDASFSFNEVELTKVETKGGTFASVSIPGAFPTGEVGSPEVPAVRKLIAVPVGATPVVRVKSFTEQVYSLNQYGSEKLMPHQPSMSKSDDPEKVPFVYNAAAYARKGFVGQELTQVEMLGTMRGVRIAALTINPVQYDVVANQLKVRNNIEIEVSFQGADEVATQRLYDASFSPYFETAYKQLFNRDVYIDHGDLYNTPVRMLVVAGAKFKDALKPWLTWKAQKGFYLDVHYTDEAEVGTTNASIKAFIHKKYNDGLAASAAPVFLALVGDTDVISGEKGKKTKKVTDLYYSAVDGDYFPEMYTFRMSASSPEELTNIIDKVLMYEKATMPDKSYLEKALLIAGADSYWNPKIGQQTIKYAVQYYYNQDHGYTDVYSYPKAPYTGCYSHLNTGVGFANYTAHGSETSWADPSLTATQVKALTNKDKYFLAIGNCCVTAQFDYPQPCFGEVMTRVKEKGAYAYIGSSPNSYWGEDYYWSVGANAVFGVQPTFEGTSMGSYDATFLEDSYNTVNSIMWAGNLAATHAENIGNVTHIGAHYYWEAYHVLGDGSVMPYRAMPKTNTYTLPASLPQNQASYSIQASAGSYVAISKDGVLYGTGVANASGVATVNMTKQITENGNYDVVITRSNCLPVIKQIQAGEPSPYQPVSNLTATTQGQKVTLKWDAPSAKKAEGSREVKRIGDGLFVTIEPANDVRANEAKVVLAADNVWGDNTGYQFLLDADHNTFGSVIPATGPLFTGTASSDLYSANFEYLIPANADPVVTTQNIIVTGQGEVVIPGGVYDYCITNPEPASGKMWIAGDGGNQPARYDDFTFEAGKKYTFTMRRAGMGDGTDMEVEDDSPASYTYTVYRDGTKIKEGLTATTFEEDGVAAGNHEYCVEVKYTAGVSPKVCKDVTVEGSNEFAPVQNLTGSAVGQKVTLKWDAPNGTPNPNPNPNPNPGTTTLSESFENGIPASWKTIDADGDGHGWKPGNAPGIAGYNSNGCVYSESFGLGGIGVLTPDNYLITPALDLPNGGKLTFWVCAQDANYASEHYAVYASSTGNDASNFTNALLEETITAKGVRSPEAIRGRIQGTWRQKTVDLPAGTKYVAFRHFQSTDMFYIDLDEVEIKANGKRADFTETFESSTHGEAPAEWTTIDADGDGQGWLCLSSGQLDWLTAHGGTNVVASFSWNGMALNPDNYLISKDVTGATKVKYYYAVNDGFPGDHYAVMISKTGTNAGDFTVVFEETPNGINKGGARFGLSTEADGAKPQSVWIERTVDLPAGTKYVAFRHYNCSDLNYILLDDIQFTMGGSPTPTDYTYTVYRDGTKIKEGLTETTFEEDGVATGNHEYCVEVKYTAGVSPKECVNVTINPTQFNPVKNLKAEPDGGDVVLKWEAPSGKRGELLNEDFEGDAIPTGWTALDADGDGNNWDITLNEFTRGERHVLSPLRASNVAISYSSLLQGQEYLPLTPNNFLITPKVEGAKKITYKVGSPGLPQWSHDHYALCISKSGTAAADFEVIFEETMTYTQGGANLTREKDLPAGTKYVAFRHYNCTDVLAIMIDDVVITGEGEGPNYTYTVYRDGTKIQEGLTETTYRDAGMSAQSHEYCVEVKYAAGVSPKVCVDYIPDGVADVTAQKPYTLTVVGKTITVTCQGEAMIYDMNGRRLAAGRNTVVYTAQGGYYAVMVVVDGKSYVEKLAVK
A0AAE9X9L1,A0AAE9X9L1_PORGN,gingipain K (EC 3.4.22.47),Porphyromonas gingivalis (Bacteroides gingivalis),NY149_10545,MRKLLLLIAASLLGVGLYAQSAKIKLDAPTTRTTCTNNSFKQFDASFSFNEVELTKVETKGGTFASVSIPGAFPTGEVGSPEVPAVRKLIAVPVGATPVVRVKSFTEQVYSLNQYGSEKLMPHQPSMSKSDDPEKVPFVYNAAAYARKGFVGQELTQVEMLGTMRGVRIAALTINPVQYDVVANQLKVRNNIEIEVSFQGADEVATQRLYDASFSPYFETAYKQLFNRDVYTDHGDLYNTPVRMLVVAGAKFKEALKPWLTWKAQKGFYLDVHYTDEAEVGTTNASIKAFIHKKYNDGLAASAAPVFLALVGDTDVISGEKGKKTKKVTDLYYSAVDGDYFPEMYTFRMSASSPEELTNIIDKVLMYEKATMPDKSYLEKALLIAGADSYWNPKIGQQTIKYAVQYYYNQDHGYTDVYSYPKAPYTGCYSHLNTGVGFANYTAHGSETSWADPSLTATQVKALTNKDKYFLAIGNCCVTAQFDYPQPCFGEVMTRVKEKGAYAYIGSSPNSYWGEDYYWSVGANAVFGVQPTFEGTSMGSYDATFLEDSYNTVNSIMWAGNLAATHAENIGNVTHIGAHYYWEAYHVLGDGSVMPYRAMPKTNTYTLPASLPQNQASYSIQASAGSYVAISKDGVLYGTGVANASGVATVNMTKQITENGNYDVVITRSNYLPVIKQIQAGEPSPYQPVSNLTATTQGQKVTLKWDAPSAKKAEASREVKRIGDGLFVTIEPANDVRANEAKVVLAADNVWGDNTGYQFLLDADHNTFGSVIPATGPLFTGTASSNLYSANFEYLIPANADPVVTTQNIIVTGQGEVVIPAGVYDYCITNPEPASGKMWIAGDGGNQPARYDDFTFEAGKKYTFTMRRAGMGDGTDMEVEDDSPASYTYTVYRDGTKIKEGLTATTFEEDGVAAGNHEYCVEVKYTAGVSPKVCKDVTVEGSNEFAPVQNLTGSAVGQKVTLKWDAPNGTPNPNPNPNPNPGTTTLSESFENGIPASWKTIDADGDGHGWKPGNAPGIAGYNSNGCVYSESFGLGGIGVLTPDNYLITPALDLPNGGKLTFWVCAQDANYASEHYAVYASSTGNDASNFTNALLEETITAKGVRSPEAIRGRIQGTWRQKTVDLPAGTKYVAFRHFQSTDMFYIDLDEVEIKANGKRADFTETFESSTHGEAPAEWTTIDADGDGQGWLCLSSGQLDWLTAHGGTNVVASFSWNGMALNPDNYLISKDVTGATKVKYYYAVNDGFPGDHYAVMISKTGTNAGDFTVVFEETPNGINKGGARFGLSTEADGAKPQSVWIERTVDLPAGTKYVAFRHYNCSDLNYILLDDIQFTMGGSPTPTDYTYTVYRDGTKIKEGLTETTFEEDGVATGNHEYCVEVKYTAGVSPKECVNVTINPTQFNPVKNLKAEPDGGDVVLKWEAPSGKRGELLNEDFEGDAIPTGWTALDADGDGNNWDITLNEFTRGERHVLSPLRASNVAISYSSLLQGQEYLPLTPNNFLITPKVEGAKKITYKVGSPGLPQWSHDHYALCISKSGTAAADFEVIFEETMTYTQGGANLTREKDLPAGTKYVAFRHYNCTDVLAIMIDDVVITGEGEGPNYTYTVYRDGTKIQEGLTETTYRDAGMSAQSHEYCVEVKYAAGVSPKVCVDYIPDGVADVTAQKPYTLTVVGKTITVTCQGEAMIYDMNGRRLAAGRNTVVYTAQGGYYAVMVVVDGKSYVEKLAIK
A0AB38DQB7,A0AB38DQB7_9NEIS,Gingipain R2 (EC 3.4.22.37),Neisseria zoodegmatis,rgpB BWD10_05360 SAMEA4504057_00669,MSEKKWLSFQSTSEVNEPPKIEVNKAVTSSAAPRARSLHDVEQHKAVTVRYTISGAWEGTVADFKRLEIPETTFIDVEGAPSVPKDGIFVALPMDAEDVQVRVVEKSTTAIDRELEIAPAPKQFIESEFKEVYKPDPSIYGSDEPYPGRDFDFLGLKTVAGVKVAHILVYLGQYRPVSKSMEVVQSIVLEVSYHTPHDTDSISGKKRSARKLGRKPRQMPETDLILGLDLLDDQADYSSIIEDFEGLDREFIEKLEAEAELPPDELDKASYLETTEDEVLITSAPVERSLTARRPTAFPRPKLKIAGLIAEYVIITTRALENAVEPLRRAKTGWPFYAKVALTEDIQKEFPHSGSDLKESIKAFITWATNNWWVPPRFVVLAGDTDVIPMHTYERGYLSDHYYTDVSDDLVPELALSRIPTSDPAVLKQVCRHLTGYANRRRGDWGGWQNRVMLCSHKDSVYRDNCDEIYDRIHHRYNTIKRYATDTSRQDVINTMNNGVVMALYRGHGDVTEWSSSNGLRCEDVEQLSNGCFPPFVLSVCCSNGAVDFNHLETITETFIRRRKAISVFASSRDSWTHPNNDFARYLLDAVISGKCATPAAIVRYAKTMMIRNHPNSVYHMDNMLMYNLFGELTAHVASNAEWLRGRWEFLYDKWKGTLKVDRIWNYRVETSPSGLQAPVWSISGQYVNRNHSYSFEGTLGGFSPAQPGVSSVRSDHKFEFRIKFSSSYYKRFVGYVDTCKLTRISGSGWEFSYPFGWTAQRKKRRKKKGKRKAA
A0A0A2EZF3,A0A0A2EZF3_9PORP,gingipain K (EC 3.4.22.47),Porphyromonas gulae,HR15_11165,MRKLLLLIAASLLGVGLYAQNAKIKLDAPTTRAMCTNSSFKQFDASFSFNEVELKRVETKGGTFASVSIPGTFPTGEFGAPEVPAVRKLIAVPVGATPIVRVKNFTEQVYSLNQYGSEKLMPHQPSMSKSDDPEKVPFVYNAAAYARKGFVGQELTQVEVLGTMRGVRVAALTINPVQYDAAANQLKVRNNIEIEVSFQGADEVATQRLYDASYSPYFETAYKQLFNKDVYTDHPDLYKTPARMLVVAGAKFKEALKPWLTWKAQKGFYLDVHYTDEAEVGTTNASIKAFIHKKYNDGLAANAAPVFLALIGDTDVISGEKGKKTKEVTDLYYSAVDGDYFPEMYSFRMSASSGEELTNIINKVLMYEKATMPDKSYLEKALLIAGADSYWNPKIGQQTIKYAVQYYYNQDHGYTDVYSYPKAPYTGCYSHLNTGVGFANYTAHGSETSWADPSLTTSQLKALTNKDKYFLAIGNCCITAQFDYPQPCFGEVITRVKEKGAYAYIGSSPSSYWGEDYYWSVGANAVFGVQPTYEGTTMGSYDATFLEDSYNTVNSIMWAGNLAATHAGNIGNITHIGAHYYWEAYHVLGDGSVMPYRAMPKTNTYTLPASLPQNQATYSIQASAGSYVAISKDGVLYGTGVANASGVATVNMTKLITENGNYDVVITRSNYLPVIKQVQAGEPSPYEPVSNLSATVEGQKVTLKWDAPAAGNRAEVVNEGFESGIPSAWKTIDADGDGNNWDSAPIGESXVNEGFESGIPSAWKTIDADGDGNNWDSAPIGESFPGHNSVGCVSSASYINNVGPQTPDNYLITPELSLANGGTLTFWVCAQDAAWAGEHYAVYASSTGNDAVNXGTLTFWVCAQDAAWAGEHYAVYASSTGNDAVNFTNALLEETLTAKSVVTSPEAIRGTRAQGTWYQKTVQLPAGTKYVAFRHFNCTDFFWINLDDVVITGEGGTSVDYTYTVYRDGTKIKEGLTATTFEEEGVAPGNHEYCVEVKYTAGVSPKECKDVTVPGSGELAPVQNLTGSAAGQKVTLKWDAPNGTNPNPNPDPNPEPGLTESFDGGIPATWTLIDADGDGHGWKHGKAPGVAGYNSNGCVYSESFGLGGIGVLTPDNYLITPALNLPNGGKLTFWVCAQDADYASEHYAVYASSTGNAASNFTNALLEETLTAKGVRSPEAIRGRVQGTWYQKTVDLPAGTKYVAFRHFQSTDMFYIDIDEVEIKANAKRAEVVNEGFESGIPSAWKTIDADGDGNNWTTTPPPGGSSFTGHNGGSCVSSASYINYQGAQTPDNYLVTPELSLANGGTLTFWVCAQDANYA
A0A532V374,A0A532V374_UNCL8,Gingipain R,candidate division LCP-89 bacterium B3_LCP,CEE37_03635,MKLTNTSIYALSLAMILFCFTTVQAEWIAMDAAAPAAPEVKLVSHTSSATVLDVTLAGFYSDEIAEGNEIYQMLSFGDNAALREVGKPQLPVITELIGIPDRSDLRVSMEVLDAVTLTGYNIWPAQEMELDGEDTPPFFIDAQFYTQNGSYPDRNALVSEPQIWRDVRLTRLETRPVSYNPVTDELTVATKMRVKIEYFGQNATRQFTRNRTPINVNFQKLYRAAVINFDHLGYPLDNGGTDNPGTKYLVVTTTPAIPYIQDLVDFRHAQGYETEVRVIEPGFSTAEEIKAYVTELYNLYGLEHILIVGDAYYSGGQVDVPMYYWVDSYSDSWYTMMDGPGDYLADLSCGRIVYDGPTDLTHQIDKTMAYLTAPEVSNWAEHTLLVAHSEQYPLKYTQCKEEIRTYPYSIQVPIFGTAYGGAGASNQDVIDYLNTYSSGILNYRGHGSQTGWASWGTSGSFTATHVYQLTNYDRYFVHYDVCCDNMDFPGYNGDCLAEAFMKAPAAAIAINGAIIPSYTIPNHDYDKEFYKAIYDLGINQIGYASNFANITVYNLHGAIGESNIRTYLWLGDACVDAWTNTMQTLTVTHPSVMLIGTSTLDVNVGFEGALVCAQNSEVYAAGYTDNTGSITLEFNPAPAQPGDLTITVSAHNYLTYQQVIQIIPPSGPFVVYESVEVADDLLGNNNGQLDFGETSNLTITAENVGVALATGVTLNVLTAEPLITILDGTEYVGDIAAGGMATADHGFSIEADPSIADGQGLLFTLEAVSDTTWTSNFSIVAHAPDCEYTSHIIDDPPPGNQNGNFDPGESGTIYIEITNEGSSAVPDLHILLSTADPFVTVPNEPLNIGTLEPGASAQYLDYSVTISASCPQEHVATLNLAFTGGGYSGSDSFEITIGDLMYAPTGPDGYGYYAYDINDGGNAPVFEWIEVAPAGGGPGVEVTALTGQDDRSTLVALPFSFQYYGTDYTDLTICTNGWLALGDATPDSDWSNSAIPDLDGPVSMVAPFWEDMNMETGGQVATYYDVVEGYFVVEFFRVPQWTPATALETFEVIFYDPTVHVTPTGDGKILMQYQQVSDPSSCTVGIENATETDGLQYLLEGTYDIHATPIGAEMAILYMAASMGSDVTVTLTPVGLPIQIPATGGSFDYNIALTNNVATQISCDLWCDVTLPNGSSYGPTLGPVALTIPGGFAGNRDRVQNVPGVAPTGMYTYNGYAGVYPSVIWDMDSFLFEKLATGDGAQVGSWTNYGEPFEQWMTAISSEVVVPDEYSLTQNYPNPFNPVTSISFGLPEAGYVKLAVYDLLGRQVALLVDGHREAGLQEVSFDAHELSSGMYLYRIEAGDFTAVRKMVLMK
A0A3R8TD69,A0A3R8TD69_9BURK,Gingipain domain-containing protein,Aquabacterium soli,EIP75_08570,MHQPRPQGHHFTPRALHAACILSLLALSASHAQAQTAPAIRIETVSSDAGATVMRITVPTPELQNVETPQGVFQRFVQRGGANTSISDSREVGFAELPITGFSVALPVDGDGGTVEIQPEGRPTEVKARLYPIQPPDATPLSSKLDQSEFTYDPDVYAKGVKAPGQGLGELPVFRGDASVQGYRLAPYGYAPDRQAITYYPSYLVTIKHPGRCFAYDRLQLKGVIGTTQKAGFDPIDQRIEALPLPALQFAVNKDLVAKLRCAPPIVINPAIFGARYLIVTHPNFLAAANALKAHKQALGISTRVVTTAQITGGGAAASKTQIRNWIANYYNTHLVRPKWVLFVGDSEFVPTHYDQNNLWDNALNAGDMWYGQFLPGATATTIPPFGIGRFPVDTLAQANTIVSKVVAFENSPPANPIFGQDYYSRLTFAAYFQTRQSGSHTPTRDKRWFVETSEIVRNHAVGKGYSVARLYNADSDANPLFYAGGASIPAALKKPTFAWDADSADIVAAVNQGTSILYHRDHGWWTGWGDPAFSTGNLGGISVTNNQFPVVFSINCASGIFDNETVNASYVTPGGGPLINSASTYWAEAFLRKSDGALAVIGDSRQSSTTDNNQLTLGLFDGVFPGLINTFGTGSPVQRLGDLLNYAKSYISEVAAGSQANRHPLNSGGTRPGIVNLRQELNIYNLLGDPTVKLRVSAPWKFGLPWITLKASLATIKVPVEPGCRTCPPPEWITAVAYDPRTGLELGRGIVDNEGNGSIDLGDFKGDNVVVRVASPDGASAQAAVKETDTDGDGVPDSRDNCVGVANKEQQDTDGDGFGNACDADLNNDGFTNALDTAAFRSQLGKRGLPGDLNGDGIVNALDTARFSKLLGKAPGPSAWHLGSTER
A0A174SQV2,A0A174SQV2_PARDI,Gingipain R1 (EC 3.4.22.37) (Type IX secretion system sortase PorU),Parabacteroides distasonis,rgpA porU ERS852560_01132 GKD54_09380 GKD58_10130,MRRLIYIFIIGLLLCSYTWADGSRYASKSLLSEGKWVKIRVDKTGIYKLSYADLKNMGFSDPSKVSVHGYGGWPLDEDFSKEYIDDVPSTPVWRGSDYLLFYGKGPVKWEYDSSSQTFVHTNNPYSLYGYYFVTDATPTNNMTSVAQATGATNRITTYDDYLVHEQELVSLAKSGRELYGEDFSGATPRTLSTFSSIPGITNEDAKVTMSFVSKVTSGTGVASLSINQSNVLDVSIRSNREEYVKALEGVSMAVWKGEKSEKNSVVVSYNSASHNNVRLNYVRLHFKRTLQPYGAYTFFRSIASIGNVSRFVVQGANANTLVFDVTDAQRVRLMETELNGSELTFSIPAGTLREFVLVRTDQSFISPEVVGEVENQNLHALEQKDMIIIAAKAFQTQAERLAEEHRATDGLTVEVVDPQSIYNEFSSGAPDATAYRRFMKMFYDRSVSAGNAPKYLLLFGDGIYDNRGICSDVKNIARDNMLLTYQSRASLFEYSGSFYNSNFSYVTDDYYGLLDNVSEEALDKPNSICIGVGRFPVRTVTEATQMVDKVIGYMRNEDRGGWKNQITFVADDGNNADHYTSSHAEQADELARFIEENHGAFLTNKVYFDAFKRDNSGTYPDVRKRISELLKKGQLLINYTGHGNTTAWSDEYVWTQTDILQSTYTKLPIWVTATCDFTRFDDVNTSAGESVFLNAKSGGIALFTTTRVVVSSGNSALNKELYRNLFERESDGRARTLGEAMMETKRKLSGINKLNFILIGDPALRISYPEYKAQVTAVNGKAISDEPFTFKALEKITVEGEILDTKEGLANDFTGILNATVLDSKASLTTLGNNTNEKGDTVRFSYTDYPNTIYIGQDSVRQGKFSFTFMVPKDISYSNKQGKLNLYASDEVNKHEAQGSFLNYIVGGTADNAEADTIGPEIRQIYLNDSSFVEGDQVNTTPYFVARLWDKSGVNITGSSVGHDIMLTVDSMPSMSYNLNNYYALLPDKEGEGLVQFSIPELEPGMHTAEFKVWDILNNSTTYTFTFEVAEGLKPNLIEMYATPNPARDQVEFFLHHNRPESNLKVTVMVYDMTGKFLWSTEKSGSSELFKAYIVTWNLTDNGGRRLRPGVYLYRAAISTNNSKEATKANKLIILAQ
Q840X2,Q840X2_STRMG,Rhamnosyltransferase,Streptococcus mutans,rgpA,MGPFARKIKRIGGRFYINPDGLEWRRSKWSRPVQAYLKYAEKCMTKKADLVISDNTGIEGYIKQMYPWAKTTFIAYGTDLSPSGLSKNDSKVKDFYKKWAIKDKGYYLIVGRFVPENNYETAIREFMTSSSERDLVIICNYEGNAYFEDLRQKTEFDKDKRIKFVGTVYDRPLLTYIREQAFAYIHGHEVGGTNPGLLEALAHTDLNLVLITEFNYTVALDAARYWTQDSGSLAQLINQFDKQENFAEYGQRAKEIIVNYYTWEKIVEEYEDLFLHES
Q83YS1,Q83YS1_STRGN,Putative rhamnosyltransferase,Streptococcus gordonii,rgpA,MQHIFIIGSRGLPAKYGGFETFVEKLVEHQVSSQLQYHVACLSEHETGQHTRYKGVDCFSIKAPKLGPARVIAYDMMAIRYALKMVKEQNIESPIFYILGNTIGAFIAPFAKMIHKAGGTFFINPDGLEWKRAKWPKPVQGYLKYSEKLMTKHADLVICDNQGIESYIQNAYPWSKTTFIAYGTDLKLSSLTDQDEQVRDFFGKWQSKEDDYYLIVGRFVPENNYETIIREFMSSDTKRDLVIICNHEGNSYLDELRQKTAFDQDERIKFVGTVYDQELLKYIRNHAFAYLHGHEVGGTNPGLLEALAQTDLNLVLGVDFNRQVARETALYWKXEKNSLAALINQVDSQNDFSDFGQTAKQNMKHNYTWEKIVGEYEELFLS
Q840W4,Q840W4_STRMG,Rhamnosyltransferase,Streptococcus mutans,rgpB,MSTYNGQEFIAQQIQSIQKQTFENWNLLIRDDGSSDETPKIIADFAKSDARIRFINADKRENFGVIKNFYTLLKYEKADYYFFSDQDDVWQPQKLELTLASVEKENNQIPLMVYTDLTVVDRDLQVLHDSMIKTQSHHANTSLLEELTENTVTGGTMMVNHCLAKQWKQCYDDLIMHDWYLALLAASLGKLIYLDETTELYRQHESNVLGARTWSKRLKNWLRPHRLVKKYWWLVTSSQQQASHLLELDLPAANKAIIQAYVTLLDQSFLNRIKWLKQYGFAKNRAFHTFVFKTLIITKFGYRRK
Q840W5,Q840W5_STRMG,Rhamnosyltransferase,Streptococcus mutans,rgpA,MAIRYALKLIKDQKIKHPIFYILGNTIGAFMGPFARKIKRIGGRFYINPDGLEWRRSKWSRPVQAYLKYAEKCMTKKADLVISDNTGIEGYIKQMYPWAKTTFIAYGTDLSPSGLSKNDSKVKDFYKKWAIKDKGYYLIVGRFVPENNYETAIREFMTSSSERDLVIICNYEGNAYFEDLRQKTEFDKDKRIKFVGTVYDRSLLTYIREQAFAYIHGHEVGGTNPGLLEALAHTDLNLVLITEFNYTVALDAARYWTQDSGSLAQLINQFDKQENFAEYGQRAKEIIVNYYTWEKIVEEYEDLFLHES
Q840X1,Q840X1_STRMG,Rhamnosyltransferase,Streptococcus mutans,rgpB,MSTYNGQEFIAQQIQSIQKQTFENWNLLIRDDGSSDGTPKIIADFAKSDARIRFINADKRENFGVIKNFYTLLKYEKADYYFFSDQDDVWQPQKLELTLASVEKENNQIPLMVYTDLTVVDRDLQVLHDSMIKTQSHHANTSLLEELTENTVTGGTMMVNHCLAKQWKQCYDDLIMHDWYLALLAASLGKLIYLDETTELYRQHESNVLGARTWSKRLKNWLRPHRLVKKYWWLVTSSQQQASHLLELDLPAANKAIIRAYVTLLDQSFLNRIKWLKQYGFAKNRAFHTFVFKTLIITKFGYRRK
P96966,P96966_PORGN,Cysteine protease,Porphyromonas gingivalis (Bacteroides gingivalis),kgp-381,MRKLLLLIAASLLGVGLYAQSAKIKLDAPTTRTTCTNNSFKQFDASFSFNEVELTKVETKGGTFASVSIPGAFPTGEVGSPEVPAVRKLIAVPVGATPVVRVKSFTEQVYSLNQYGSEKLMPHQPSMSKSDDPEKVPFVYNAAAYARKGFVGQELTQVEMLGTMRGVRIAALTINPVQYDVVANQLKVRNNIEIEVSFQGADEVATQRLYDASFSPYFETAYKQLFNRDVYTDHGDLYNTPVRMLVVAGAKFKEALKPWLTWKAQKGFYLDVHYTDEAEVGTTNASIKAFIHKKYNDGLAASAAPVFLALVGDTDVISGEKGKKTKKVTDLYYSAVDGDYFPEMYTFRMSASSPEELTNIIDKY
Q9CJ05,Q9CJ05_LACLA,Rhamnosyltransferase,Lactococcus lactis subsp. lactis (strain IL1403) (Streptococcus lactis),rgpB L2599,MRVNILMSTYNGEKFVADQIESIQKQTYTDWNLIIRDDGSSDRTCEIVDDFVSKDNRIKLIRAENVGVIKSFHELVTDSNNADFYFFADQDDYWLPEKLSVMLEETKKHDNSKPVMYYTDLKVTDRNLNVTSESMIRGQSDHANTKLVQELTENTVTGGASMINHELAQLWQSTNDIIMHDWYLAIVAAALGELVYIDQPTHLYRQHDSNVLGARTLSKRIKKWIHPNLWFEKYWWLITASQKQAQKLLTENLSLMSEDDKALVSDYVNILKQPKAERRQILDRYNLRKNKNYHTSIFRTLIITKFAYKGKKTNEFLQP
Q9CJ06,Q9CJ06_LACLA,Rhamnosyltransferase,Lactococcus lactis subsp. lactis (strain IL1403) (Streptococcus lactis),rgpA L1389,MKKHVFIIGSRGLPAKYGGFETFVEELVKHQNNKNIKYHVACQSENSDMALPGEHFEYLGADCFVIKLPKIGSARVIAYDILAINVALKYCKKEEIKAPVFYILGNTAGGFIGHYANKIHKLGGKLFVNPDGLEWKRTKWAAPIRSYLKFAEKKMVRYADLIISDNAGIKEYLTSEYGQVESEVIAYGTEKFKSDLTESETLVKYKVNDYYLIVGRFVPENNYETLIRAFMKSSTKRDLVIITNHEGNAYFKELREKTQFDKDARIKFVGTVYNQNELRYIREHAFAYLHGHEVGGTNPGLLEALWSTAVNVVLGVNFNRTTAGDSVIYFDKENLLTTLSEVENLTPDEGQRLHEKAQAIIEEKYTWEHICAQYEELFDPKFTDESEPLRKMENLARGGDES
Q5M3F3,Q5M3F3_STRT2,Polysaccharide biosynthesis protein/putative rhamnosyl transferase,Streptococcus thermophilus (strain ATCC BAA-250 / LMG 18311),rgpA stu1472,MLESGFMQHVFIIGSRGLPAKYGGFETFVEQLVSNQMSSQVKYHVACLSDEKAYEHFEYKGVDCFTIKAPKLGPARVIAYDMMAINYALKKICEQNIKEPIFYVLGNTIGAFVAPFARKIHKLDGKFYINPDGLEWKRAKWPKPVQAYLKYSEKVMTRYADLVISDNPGIETYIQDAYPWSKTTYIAYGTDLSPTTLTNQDAKVRDIYKTWNTYEKNYYLILGRFVPENNYETAIREFMSSSTKRDLIIICNHESNAYFEELRSKTQFDKDPRVKFVGTVYDQDLLKYIRKEAFAYIHGHEVGGTNPGLLEAMAQTDLNLVLGVSFNRSVAQDTARYWKKDEGNLSHLIDQVDAISDYSELGKLAKENMKQNFTWEKIVGEYEELFLS
Q5M3F4,Q5M3F4_STRT2,Polysaccharide biosynthesis protein/putative rhamnosyl transferase,Streptococcus thermophilus (strain ATCC BAA-250 / LMG 18311),rgpB stu1471,MKVNILLSTYNGEQFLAEQVKSIQEQTYQEWQLLIRDDGSSDGTVEVIKQLAAQDSRIHFINENQVENVGVIKSFHALLKHSEADLYCFSDQDDFWLPEKISLQVAEAKKYSQDKPLLIYTDLKVVDENLSVLHESMIRTQSDHANTELIQELTENTVTGGVAMINHALADLWTGEEKHDLLMHDWYLGLLASAFGNLVYIDEPTELYRQHSSNVLGARTLRKRMKNWVRPHILFAKYWSLIRASQDQARNLLELPLSSDNKEIVENFVTILDVPFRERLARIRKYGYRKNRAFHTTVFTTLILTKFAYRGEKDVRLF
Q6AGK1,Q6AGK1_LEIXX,Rhamnosyltransferase,Leifsonia xyli subsp. xyli (strain CTCB07),rgpB Lxx05140,MCAKPGAAVSVALCTRNGERFVRAQVESILSQDPPISELVVSDDGSTDRTLSIVEETVRASCAAVVLRILRNAEPLGVTANFEQAIAACGGEFIALSDQDDVWHAGRLADALPFFDDARVQLVHTDARLVDSAGEPLGGTLFGALEIAPELVAEENDGDALGVLLRRNTVTGATTVLRASLVERARPFPDAWVHDEWLAVCAAIVGAVRSLPRTTIDYRQHGGNQIGVKRPSIGYKVSRVFEPGGARQVRLGLQFAQLAARADTFPELSEDDRDRIVQKAEFESARSRLPVSRLARLASLRRLVRGGRYGRYASQGRLDIVRDLLRAP
A0A2X3VS87,A0A2X3VS87_9STRE,Rhamnosyltransferase (EC 2.4.1.-),Streptococcus ferus,rgpB NCTC12278_01157,MKVNILMATYNGQDFVGEQIESIQNQSFQDWTLLIRDDGSSDRTRDIIQAYAQKDSRIRLINPDSLQNLGVINSFYHLVKYETADVYFFSDQDDIWLPEKLEKTLAAAASKDPSRPLLVYTDLKVVDKELNTLHESMIKTQSHHANTSLLQELTENTVTGGTMMINRELADKWTVTQDILMHDWYLALLASAFGELVYLDFPTELYRQHEANVLGARTWSKRVKNWLQPHKLVSKYWSLISQSQKQAKHLLSLDLSSENKELVEAFVTIMDQSLAQRFKSLRTYGFAKNRTFHTLVFRTLIITKFGYRRT
A0A6A0B898,A0A6A0B898_9LACT,Rhamnosyltransferase,Pseudolactococcus insecticola,rgpB Hs20B_13930,MKVNILMSTFNGARFLAEQIESIQKQTFGDWQLLIRDDGSSDETLDIIAKFARDDKRIRLVNPNAASRENLGVIKSFYTLVKLERADYYFFSDQDDVWLSDKLETMLSEAQKHDQKTPLMLYMDLTVVDQNLNVITPSMIRTQSHHANTTLLAELTENTVTGGVSVINHALASKWLSADNIIMHDWYLALLATATGKLIYIDQPGELYRQHDRNVLGARTLRKRLSKWLNPLNAVNSYWLLITKSQKQAENLLNLPSLSEENRELTEKYTGLMNQTFSNRVRYLRDYQFKKNRKCHTFVFRTLVVTKLGYKK
A0ABC8A337,A0ABC8A337_LACLL,Rhamnosyltransferase,Lactococcus lactis subsp. lactis NCDO 2118,rgpB NCDO2118_0195,MSTYNGEKFVADQIESIQKQTYTDWNLIIRDDGSSDRTCKIVDDFVSKDNRVKLIRAENVGVIKSFHELVTDNNNADFYFFADQDDYWLPEKLSVMLEETKKHDNSKPVMYYTDLKVTDRNLNVTSESMIRSQSDHANTKLVQELTENTVTGGASMINHELAQLWQSTNDIIMHDWYLAIVAAALGELVYIDQPTHLYRQHDSNVLGARTLSKRIKKWIHPNLWFEKYWWLITASQKQAQKLLTENLSLMSEADKSLVSDYVNILKQPKAERRQILDRYNLRKNKNYHTSIFRTLIITKFAYKGKK
T1ZFS5,T1ZFS5_STRIT,Putative polysaccharide biosynthesis protein/rhamnosyltransferase (EC 2.4.1.-),Streptococcus intermedius B196,rgpB SIR_0948,MKVTILMSTYNGERFLAEQIESIRQQTYTDWQLLIRDDGSKDRTREIIQDFCQKDNRIRFVNPDSVENVGVIKSFFHLLKYQTSDFYLFSDQDDVWLPEKIELQLKEAGKYDNTLPLLIYMDLKVVDQELNIVHGSMIQTQSDHANTELLQELTENTVTGGVSMINQSLADLWTGQEEYDLLMHDWYLALLATAFGKLVYIDKQGELYRQHSNNVLGARTFRKRMQNWIRPHILFAKYWNLIQASQKQAKNLLGLPLSPADKEIVENFVTIMEVPLTERYKRLRKYGFRKNRTFHTLVFTTLILTKFAYKE
A0A2X3VS76,A0A2X3VS76_STRSA,Rhamnosyltransferase,Streptococcus sanguinis,rgpA NCTC11085_01535,MKHVFIIGSRGLPAKYGGFETFVEKLTEHQISSQIQYHVACLSDDEAFHHFDYKGVDCFTVKPPKLGPARVIAYDMMAVSYALKFAKKEQIEQPIFYILGNTIGAFIFPFARRIHQAGGKFFINPDGLEWKRAKWSKPVQAYLKYSEKVMTKHADLVIADNQGIESYIQKAYPWSKTTCIAYGTDLYLSNLTENEGKVRVFFEKWASKEKDYYLIVGRFVPENNYEIIIQEFMKSKTQRDLLIICNHEGNPYFEELKQKTGFDHDSRIKFAGTVYDQNLLKYIRNHAFVYIHGHEVGGTNPGLLEALAQTDANLVMDVDFNRKVAKETALYWKKEPGQLAQLIDRVDAQTEFTELGQAAKENMKENYTWEKIVGEYEDLFLS
A0A917LKM2,A0A917LKM2_9FLAO,Rhamnosyltransferase,Bizionia arctica,rgpA GCM10010976_05240,MKIAILGTRGIPNNHGGFEQFAEYFSVYLASKNHDVYVYNSHDHPFQKKNFKGVHLIHCYDPESKVGTVGQFIYDLNCILDARKRNFDVILQLGYTSNSIWYKLLPKKPVIITNMDGMEWKRSKYSAQVQKFLKYAEKLAVRSSDFLISDSIGIQDYISKKYHRESEFIAYGASVFKNPDDDVLTKYNVGANKYCILIARLEPENNIATIVEGYHKSETPHSLIIFGGLNDFGEKLQKKYSNDTRIQFVGANYNQEELNNLRFFSKYYFHGHSVGGTNPSLLEAMASNTLIIANNNIFNKSILEENAYYFDNSDDIRSMMNNESLFSQKGNFATNNIKKVEDLYHWDIINAAYEKYILKKIK
A8AX00,A8AX00_STRGC,"Rhamnosyltransferase, putative",Streptococcus gordonii (strain Challis / ATCC 35105 / BCRC 15272 / CH1 / DL1 / V288),rgpA SGO_1021,MQHVFIIGSRGLPAKYGGFETFVEKLVEHQVSSQLQYHVACLSEHETGQHTMYKGVDCFSIKAPKLGPARVIAYDMMAIRYALKMIKKQKIESPVFYILGNTIGAFIAPFAKMIHKAGGTFFINPDGLEWKRAKWPKPVQSYLKYSEKLMTKHADLVICDNQGIESYIQNAYPWSKTTFIAYGTDLNLSSLTDQDEQVRDFFGKWQSKEDDYYLIVGRFVPENNYETIIREFMASNTKRDLVIICNHEGNSYFDELRQKTAFDQDKRIKFVGTVYDQELLKYIRNHAFAYLHGHEVGGTNPGLLEALAQTDLNLVLGVDFNRQVAKETALYWKKEKNSLAGLINQVDSQNDFSDWGLVAKQNMKDNYTWEKIVGEYEELFLS
U5QIA7,U5QIA7_GLOK1,"Lipopolysaccharide 1,2-N-acetylglucosaminetransferase",Gloeobacter kilaueensis (strain ATCC BAA-2537 / CCAP 1431/1 / ULC 316 / JS1),rgpA GKIL_2382,MKIAVIGAKGLPARQGGIERHCEEIYPRMVQAGHSVDLYARASYAQCCDRGSYRVRGVRVVPLPCPTGKGLGALFCSALAAVAASGVAYDVIHFHALGPALFSWIPAWFNRARIVVTCHGLDWQRAKWGRLSSRLLRLGEQVAVRHADSLIVVSEELHIYFREFYGRETIYISNGPGALDETAPGSAFTDSLALEEGRYVVFLGRLVPEKCPDLLVRAFQQLRPSGWKLVLVGSSSDTDQYTQTLLHLAEGDGNIVFTGELVGTRLAEVLRGAGLFVLPSKVEGLPLAMLEAMRECVPILASDIPAHRQLTAGGRGRLFEVDNLDSCRTELDWAIQHSRELSAMARSAQRYVRIHHDWERITQQTLEAYAQPAASRRFPAGAVLSGAFAEPLDNTSSLQQPVE
A0A2X3W8D3,A0A2X3W8D3_9STRE,Putative rhamnosyltransferase RgpA (EC 2.4.1.-),Streptococcus ferus,rgpA NCTC12278_01158,MRHVFIIGSRGLPAKYGGFETFVAELVKHQLSQDIQYHVACLSDKDHHRHFTYENVDCFTIKAPKLGPARVIAYDMMAIQYALSIVERDQIKKPIFYILGNTIGAFIAPFARNIKKAGGLFYINPDGLEWKRSKWSKPIQTYLKYAEKCMTKSADLVVSDNVGIENYIKNTYPWSKTTFIAYGTDLSPSGLMPGDTKVRQFFERHAAKEKDYYLIVGRFVPENNYEKVISEFLRSKTQRDLLIVCNHEGNPYFEALRQKTSFDQDKRVKFVGTVYDRSLLTYLRENAFAYLHGHEVGGTNPGLLEALAHTDLNLVLGVDFNQKVALETALYWSKEDHSLSALINQVDQEIDFSLLGLAAKKHMADQYTWEKIVGEYEALFLNES
A0A380L540,A0A380L540_9STRE,Rhamnosyltransferase RgpA (EC 2.4.1.-),Streptococcus milleri,rgpA NCTC11063_01166,MQHVFIIGSRGLPAKYGGFETFVENLVEHQISSQIQYHVACLSDDEAYHHFDYKGVDCFTIKAPKLGPARVIAYDMMAINYALKLVKNQKIDQPIFYILGNTIGAFIAPFARKIHHAGGVLYINPDGLEWKRAKWSKSVQNYLKYSEKMMTKHADLVISDNQGIETYIKKSYPWSKTTFIAYGTDLCLSSLTVQDEKVRHFFDTWASKEKSYYLIVGRFVPENNYEIIIREFMKSQTQRDLLIVCNHQGNAYFEELRQKTNFDQDERIKFVGTIYDQDLLKYIRNQAFAYIHGHEVGGTNPGLLEALAQTDLNLVLGIDFNQQVAKETVLYWDKKEDSLVDLLHQVDKQSDFSDQGQAAKENMKENYTWEKIVGEYEELFLS
A0A512A9Y7,A0A512A9Y7_STRCR,Rhamnosyltransferase,Streptococcus cristatus,rgpA SOL01_03360,MRHVFIIGSRGLPAKYGGFETFVEKLVENKVSSQIQYHVACLSDDEAFHHFDYKGVDCFTVKAPKLGPARVIAYDMMAINYSLKLVQEQQIERPIFYILGNTIGAFVAPFAHKIHKAGGTFFINPDGLEWKRAKWPKPVQAYLKYSEKVMTKYADLVIADNQGIESYIKLSYPWSKTAFIAYGTDLQLSSLDSQDARVHDFFEKWQSREKEYYLIVGRFVPENNYETIIREFIKSKTQRYLLIICNHEGNPYYEELKQKTGFDKDARIKFVGTVYDQELLKYIRNQAFAYLHGHEVGGTNPGLLEALAQTDANLVLDVDFNHQVAKEAALYWQKEEGQLAQLIDRVDGQIDFSELGQAAKKNMKENYTWEKIVGEYEELFLS
A0A653P0X7,A0A653P0X7_BACMY,Regulator of GapA synthesis,Bacillus mycoides,rgpA BACI71_100509,MGTIVCQVCEGTIGHFEDVKTTVLYGKCGSNCDCASRENAKA
A0A6A0B9H4,A0A6A0B9H4_9LACT,Rhamnosyltransferase,Pseudolactococcus insecticola,rgpA Hs20B_13920,MQHVFIIGSRGLPAKYGGFETFVEALVSHQQTDQIKYHVANLSETVTGSHFEYKAADVFNIKARHFGAANVIFYDRDAINYCLDYIKENQIKKPIFYILGNTLGAFIVRYARKIHKIGGKLYVNPDGLEWKRSKWIKPIQSYLKYSEKKMAQTADLIISDNQGIEDYLKNEYKAVTSTVIAYGTNPVVAGSLDMRWFDDNGVVPNDYYLVVGRFVPENNYETIIREFMKSKTKRDLVIITNNAGSSYFNKLMALTHFEQDKRIKFVGTVYDNDQLTTIREHAFAYIHGHAVGGTNPGLLEAMVATQLNLVFDVSFNRNVAQDSAIYWTLENLSEKLAVAEQLPASEVHDLSKKARQIIVEKYTWEHVVDQYERLFLNES
A0AAN4VWG8,A0AAN4VWG8_9BACT,Rhamnosyltransferase,Persicobacter diffluens,rgpA PEDI_18180,MKEKIAVIGTVGVPACYGGFETLVHQLVLHLNQQFDFTVYCSAHHYPKGERPRNWNNAKLVYLPLKANGVQSILYDILSIIHALFFADVLLILGVSGCIILPFVKLFRNKKVIVHIDGLEWKRAKWHPLAKAYLKFAEMIAVRFSDADIADNEAIRKYTALRYKSLSACIAYGGDQAEKVIANAQDFQNFPFLQKPYAFGVCRIEPENNIHLILEAFSTQENLPLVLVGNWDNSPYGQKLKQIYKGHSHLHLLDPIYENRPLNLIRSRCFCYIHGHSAGGTNPSLVEAMNLNLPIIAFDVIYNRCTTNEQAFYFKDHQSLNDLLQRLTKEEYQQCSHRMYDLAQTHYQWAQISQQYTSLINGIMEDYQKPEISSYPIPQHLIQPWETSQTIPEPAQKLA
A3CNZ9,A3CNZ9_STRSV,"Rhamnosyltransferase, putative",Streptococcus sanguinis (strain SK36),rgpA SSA_1510,MKHVFIIGSRGLPAKYGGFETFVEQLTEHQISSQIQYHVACLSDDEAFHHFDYKGVDCFTVKPPKLGPARVIAYDMMAVSYALKFAKKEQIEQPIFYILGNTIGAFIFPFARRIHQAGGKFFINPDGLEWKRAKWSKPVQAYLKYSEKVMTKHADLVIADNQGIESYIQKAYPWSKTTCIAYGTDLYLSNLTENEGKVRVFFEKWASKEKDYYLIVGRFVPENNYETIIQEFMKSKTQRDLLIICNHEGNPYFEELKQKTGFDRDSRIKFVGTVYDQNLLKYIRNHAFAYIHGHEVGGTNPGLLEALAQTDANLVLDVDFNRKVAKETALYWEKEKGQLAQLIDRVDAQTEFTELGQAAKENMKENYTWEKIVGEYEDLFLS
A0A1L7LK92,A0A1L7LK92_9STRE,Rhamnosyltransferase,Streptococcus troglodytae,rgpB SRT_13150,MKVNILMSTYNGQEFIAQQIQSIQKQTFENWNLLIRDDGSSDETPKIIADFAKSDARIRFINADKRENLGVIKNFYTLLKYERADYYFFSDQDDVWLPQKLELTLASAEKENHQIPLMVYTDLKVVDRDLQVLHDSMIKTQSHHANTRLLEELTENTVTGGTMMVNHCLAKQWKQCYDDLIMHDWYLALLAASLGKLIYLNETTELYRQHESNVLGARTWSKRLKNWLRPHRLVKKYWWLISSSQQQASHLLELDLPAANKAVIQAYVTLLDQSFLNRIKWLKQYGFAKNRVFHTFVFKTLIITKFGYRRK
A0A2X3Y466,A0A2X3Y466_STRSA,Polysaccharide biosynthesis protein/ rhamnosyltransferase (EC 2.4.1.-),Streptococcus sanguinis,rgpB NCTC11086_00874,MKVTILLSTYNGEQFLSEQIKSIQEQTYRDWQLLIRDDGSTDGTRAVIEDFCRKDDRIAFINRENPQNLGVIQSFHSLLQYQDSDFYLFSDQDDVWLPDKIAMQLAEADKYDSSQPLLVYTDLKVVDQELQVVHESMIRTQSDHANTELVQELTENTVTGGVSMINRALAQLWTGKEEHELLMHDWYLGLLAAAFGTLVYIDKPGELYRQHSNNVLGARTLRKRVKNWVRPHVLFAKYWKLIKDSQTQARNLLVLPLTAENRELIENFVTIMEAPFKERWRRIRQYGYRKNRAFHTLVFTSLILTKFAYKE
A0A380KAY9,A0A380KAY9_9STRE,Rhamnosyltransferase (EC 2.4.1.-),Streptococcus gallolyticus,rgpB NCTC13767_02423,MKINILMSTYNGEQFLAEQIKSIQKQIVKDWILYIRDDGSSDRTPEIIRQYAQKDSRIVFINADNRENFGVIKNFYTLLKHSKADYYFFSDQDDIWLEDKLAVTLAEAEKYSNDKPLLVYTDLKIVDRELNVLHESMIKTQSDHANTKLVQELTENTVTGGTAMINHALAELWTTTDNLLMHDWYLALIASALGHLVYLDYPTELYRQHDANVLGARTWSKRMKNWLKPHKLVEKYWWLIDASQTQARFLLDLNLSPENRELVENFITIMDKSLSQRIHTLNKYGLRKNRNFHTLVFKTLIITKFGYRRNK
A0A6L2ZUY5,A0A6L2ZUY5_9LACT,Rhamnosyltransferase,Lactococcus garvieae,rgpB ikelab_04990,MKVNILMSTYNGEKYVGQQIESIQKQSFTEWNLLVRDDGSKDKTCDIVASYAQLDPRIQLIQAENKGVIESFYELAKYNQADYYFFCDQDDYWLPEKLQTILDEAVKHDNKKAKLYYTDLKIVDKNLHIINESMIRSQSGHANTKLVQELTENSVTGCTMMANNALIRLWKDTSDIIMHDWYLALLAASQEGLIYIDQPTILYRQHEDNVLGARTLNKRIKKWLRPYLWFKKYWWLIIESQNQAKKLLVDDIQISEENRDLIQNYISILEQNQSTRCAWIKKHNLRKNKSGHTRIFRALIITKFAYKAFLRSDRKDIK
A0A9R1C9J8,A0A9R1C9J8_9BACT,Rhamnosyltransferase,Prevotella lacticifex,rgpB PRLR5076_13300,MQHVNVLLSTYNGKRYMRELIDSIIAQEGVSTDILARDDGSTDGDTQRILDDYQQRGLLTWYQGENLRPAHSFMQLLADAHEAPFYAFADEDDYWQPDKLATAVKALEPYTGQPALYFSRTQLTDENLNPISGPVINPLLTFGESLVYKFIPGCTMVFNKELRDIVNTFRADFVPMHDIWIYSIALAVKAKVVFDPQPHILYRQHGDNTIGQGQGQMHEWHRRLKRLNSHERYRQACELLRGYAPFMGSDELDTLSTFVNARQSLAARLRLIGDKRFVCADSRTYRLFQLAVLLNIY
A0AAJ5NLR0,A0AAJ5NLR0_STRSA,Polysaccharide biosynthesis protein/ rhamnosyltransferase (EC 2.4.1.-),Streptococcus sanguinis,rgpB NCTC10904_00832,MKVTILLSTYNGEQFLAEQINSIQEQTYRDWQLLIRDDGSTDGTRAVIEDFCRKDDRISFINRENPQNLGVIQSFHSLLQYQDSDFYLFSDQDDVWLPDKIAMQLAEADKYDSSLPLLVYTDLKVVDQELQVVHESMIRTQSDHANTELVQELTENTVTGGVSMINRALAQLWTGKEEHELLMHDWYLGLLAATFGNLVYIDKPGELYRQHSNNVLGARTLRKRVKNWVRPHVLFAKYWKLIKDSQTQARNLLVLPLTAENRELIENFVTIMEMPFKERWRRILRYGYRKNRTFHTLVFTILILTKFAYKE
A0NKF0,A0NKF0_OENOE,Rhamnosyltransferase,Oenococcus oeni ATCC BAA-1163,rgpB OENOO_63034,MKLIKKVAILMSTYNGEKYISCQLDSVINQKNDSNFELTIYIRDDGSTDSTLKIIKEYARKYPRKIIYLNSKENLGPKKSFFHLMNCVDSDFYFFCDQDDYWLDNKVDSALIQLDSIKKIPALYYGSMIQADRNLKKLGVVNKKNYPENFVSSLNETLASGLTIAFNSSLMDIFREKYNKLSCNNIIMHDSWMYLLASAFGKVIFDSAPHVLYRQHSSNVVGTTGNNLFKKIFKIREIFNKFYKNGLFKKQANELLKNYGECLSKEKRNAINIFLSSNRQLKEVFWILKKIKIKNRLLAFLILISIFFKKY
A0A0D6E0K6,A0A0D6E0K6_9LACT,"Alpha-L-Rha alpha-1,3-L-rhamnosyltransferase RgpB",Pseudolactococcus piscium MKFS47,rgpB LACPI_2195,MKVNIVLSTYNGAKFLSEQIDSIQAQTFTDWQLLIRDDDSRDKTRDIIVSYMLKDERIKFINEGDHTNLGVINSFYKLIKHDSADYYFFCDQDDVWLPEKMATMLAEATRHDASQPLMVYMDLSVVDEKLKVISPSMVHSQSHHANTSLLAELTENTVTGGVAMINHALVKRWRSTDNIIMHDWYLALLASATGELVYIDKPGELYRQHDHNVLGARTFGKRLKKWLNPLQAVDKYWHLIITSQKQAASLLTQPDLSDENRELIEKYVALLNQTVVNRIKYLKEYNFKKNKLFHTIVFRTLVVTKLGYVKK
A0A123SYE3,A0A123SYE3_STRSU,"Glycosyltransferase, group 2 family protein",Streptococcus suis,rgpB ERS132394_01195,MLEKNLNNGKKICILMTTYNPSNYLYEQLDSIFEQEGVELEVIIRDDASTQKDILRDVQHKYPITLLEGKKNLGVAGNIKELLLYVAENKREYDLFAYSDQDDVWLREKMKKAISAHENLNPEKPGVYYSNLQVVDEFLTPTHKLFKKGIVKNSFGQSLAQVFLFACTSVFNKIMLDELIKYNFSDLGFDSLLYYLGILNENIIYDDTPYIFYRQHGQNVSGQKEQGLKYIKNKLIHFFYQSERAVMKNKAQYIVENLSPYLSEKNYLLAHQVSAYSGLLSRLALIGNSDIQAGYYPKDIYRWLRLLLGRY
